,rho,psi,omega,rho_norm,psi_norm,omega_norm,stress,pi
2005-01-05,0.28,0.07,6458.58,1.0,0.4320987654320975,0.7990732371852879,0.34527855927759254,0.0013701530130063196
2005-01-06,0.28,0.03999999999999998,6461.312814285714,1.0,0.24691358024691273,0.7994113484663918,0.19738551813984917,0.0021534288786406418
2005-01-07,0.27000000000000024,0.04999999999999999,6464.045628571429,0.9642857142857151,0.308641975308641,0.7997494597474958,0.23802067254389703,0.003097955356989439
2005-01-11,0.009999999999999787,0.04999999999999999,6474.976885714286,0.03571428571428495,0.308641975308641,0.8011019048719112,0.008830488369399156,0.003132996977502928
2005-01-12,0.009999999999999787,0.040000000000000036,6477.7097,0.03571428571428495,0.24691358024691307,0.8014400161530152,0.007067372276481449,0.0031610421055842035
2005-01-13,0.04999999999999982,0.009999999999999953,6481.942642857143,0.1785714285714279,0.06172839506172793,0.8019637274566883,0.008839988177432532,0.0031961214237486183
2005-01-14,0.04999999999999982,0.010000000000000009,6486.175585714286,0.1785714285714279,0.06172839506172827,0.8024874387603615,0.008845761009263193,0.003231223649975853
2005-01-18,0.020000000000000018,0.010000000000000009,6503.107357142857,0.07142857142857148,0.06172839506172827,0.8045822839750542,0.0035475409346342724,0.003245301193367259
2005-01-19,0.10000000000000009,0.009999999999999953,6507.3403,0.35714285714285743,0.06172839506172793,0.8051059952787273,0.01774925033683249,0.003315734726449928
2005-01-20,0.040000000000000036,0.030000000000000027,6507.092385714285,0.14285714285714296,0.18518518518518481,0.8050753226431278,0.02129828895881288,0.0034002517461277568
2005-01-21,0.03000000000000025,0.04999999999999999,6506.8444714285715,0.10714285714285803,0.308641975308641,0.8050446500075283,0.02662184689178348,0.0035058939956983263
2005-01-25,0.040000000000000036,0.030000000000000027,6505.852814285715,0.14285714285714296,0.18518518518518481,0.8049219594651305,0.021294231731881733,0.0035903949152692855
2005-01-26,0.07000000000000028,0.009999999999999953,6505.6049,0.250000000000001,0.06172839506172793,0.8048912868295309,0.012421161833789014,0.0036396852400065434
2005-01-27,0.13000000000000034,0.04999999999999999,6507.6202,0.46428571428571547,0.308641975308641,0.8051406252746535,0.11537508960064473,0.004097522897151959
2005-01-28,0.2200000000000002,0.06,6509.6355,0.7857142857142864,0.37037037037036924,0.805389963719776,0.2343727407650137,0.005027573455743283
2005-01-31,0.16999999999999993,0.08999999999999997,6515.6814,0.6071428571428569,0.5555555555555537,0.8061379790551436,0.27191161991939267,0.006106587820502778
2005-02-01,0.009999999999999787,0.06,6517.6967,0.03571428571428495,0.37037037037036924,0.8063873175002662,0.010666498908733418,0.006148915197124736
2005-02-02,0.18999999999999995,0.06,6519.712,0.6785714285714283,0.37037037037036924,0.8066366559453887,0.20272614368997793,0.006953384021291315
2005-02-03,0.010000000000000231,0.0,6519.892614285714,0.03571428571428654,0.0,0.8066590020403457,0.0,0.006953384021291315
2005-02-04,0.029999999999999805,0.010000000000000009,6520.073228571429,0.10714285714285643,0.06172839506172827,0.8066813481353028,0.005335194101423914,0.006974555426455696
2005-02-07,0.20999999999999996,0.019999999999999962,6520.615071428571,0.7499999999999998,0.1234567901234562,0.8067483864201738,0.07469892466853423,0.007270979730695911
2005-02-08,0.010000000000000231,0.009999999999999953,6520.795685714286,0.03571428571428654,0.06172839506172793,0.8067707325151309,0.0017785950893190992,0.007278037647717019
2005-02-09,0.009999999999999787,0.019999999999999962,6520.9763,0.03571428571428495,0.1234567901234562,0.8067930786100879,0.003557288706393592,0.0072921538727423905
2005-02-10,0.0,0.010000000000000009,6524.645757142857,0.0,0.06172839506172827,0.8072470739152254,0.0,0.0072921538727423905
2005-02-11,0.009999999999999787,0.050000000000000044,6528.315214285714,0.03571428571428495,0.30864197530864135,0.807701069220363,0.008903230480823898,0.0073274841524282
2005-02-14,0.009999999999999787,0.03999999999999998,6539.323585714286,0.03571428571428495,0.24691358024691273,0.8090630551357759,0.007134594842466983,0.0073557960367237035
2005-02-15,0.020000000000000018,0.02999999999999997,6542.993042857143,0.07142857142857148,0.18518518518518445,0.8095170504409135,0.010707897492604642,0.007398287693440388
2005-02-16,0.020000000000000018,0.010000000000000009,6546.6625,0.07142857142857148,0.06172839506172827,0.809971045746051,0.003571300907169532,0.0074124595224370924
2005-02-17,0.0,0.0,6552.550514285715,0.0,0.0,0.8106995270276762,0.0,0.0074124595224370924
2005-02-18,0.009999999999999787,0.0,6558.438528571429,0.03571428571428495,0.0,0.8114280083093014,0.0,0.0074124595224370924
2005-02-22,0.06999999999999984,0.020000000000000018,6581.990585714286,0.24999999999999942,0.12345679012345653,0.8143419334358023,0.025134010291228356,0.007512197658513396
2005-02-23,0.020000000000000018,0.04999999999999999,6587.8786,0.07142857142857148,0.308641975308641,0.8150704147174275,0.01796892448671573,0.0075835029144130615
2005-02-24,0.040000000000000036,0.07,6588.648714285714,0.14285714285714296,0.4320987654320975,0.8151656953697207,0.05031887008455055,0.0077831809703041354
2005-02-25,0.03000000000000025,0.06999999999999998,6589.418828571429,0.10714285714285803,0.43209876543209735,0.8152609760220141,0.037743563704723065,0.007932957016751448
2005-03-01,0.1599999999999997,0.009999999999999981,6592.499285714286,0.5714285714285703,0.0617283950617281,0.8156420986311872,0.028770444396161613,0.008047125446894947
2005-03-02,0.06000000000000005,0.020000000000000018,6593.2694,0.21428571428571447,0.12345679012345653,0.8157373792834804,0.021580353949298397,0.008132761772090576
2005-03-03,0.03000000000000025,0.0,6594.907200000001,0.10714285714285803,0.0,0.8159400123929043,0.0,0.008132761772090576
2005-03-04,0.040000000000000036,0.04000000000000001,6596.545,0.14285714285714296,0.2469135802469129,0.816142645502328,0.028788100370452426,0.008247000265624117
2005-03-07,0.029999999999999805,0.04999999999999999,6601.4584,0.10714285714285643,0.308641975308641,0.8167505448305993,0.027008946588313206,0.00835417862510155
2005-03-08,0.019999999999999574,0.04000000000000001,6603.0962,0.0714285714285699,0.2469135802469129,0.816953177940023,0.014408345289947146,0.008411354598474356
2005-03-09,0.0,0.020000000000000018,6604.734,0.0,0.12345679012345653,0.8171558110494468,0.0,0.008411354598474356
2005-03-10,0.020000000000000018,0.06,6609.175700000001,0.07142857142857148,0.37037037037036924,0.8177053503595747,0.021632416676179177,0.008497197521792527
2005-03-11,0.009999999999999787,0.04999999999999999,6613.6174,0.03571428571428495,0.308641975308641,0.8182548896697025,0.009019564480485917,0.008532989444334138
2005-03-14,0.08999999999999986,0.020000000000000018,6626.9425,0.3214285714285709,0.12345679012345653,0.8199035076000862,0.032535853476193775,0.008662099974001573
2005-03-15,0.08999999999999986,0.010000000000000009,6631.3841999999995,0.3214285714285709,0.06172839506172827,0.820453046910214,0.01627883029583752,0.008726698506921564
2005-03-16,0.06000000000000005,0.019999999999999962,6635.8259,0.21428571428571447,0.1234567901234562,0.8210025862203421,0.0217196451381042,0.008812887574929913
2005-03-17,0.17000000000000037,0.010000000000000009,6637.823628571428,0.6071428571428584,0.06172839506172827,0.8212497506801132,0.030778760497270553,0.008935025513411144
2005-03-18,0.1900000000000004,0.010000000000000009,6639.821357142857,0.6785714285714299,0.06172839506172827,0.8214969151398844,0.03441014415268475,0.009071573704493227
2005-03-21,0.14000000000000012,0.020000000000000018,6645.814542857143,0.5000000000000004,0.12345679012345653,0.822238408519198,0.05075545731599982,0.009272984249397988
2005-03-22,0.040000000000000036,0.05000000000000002,6647.812271428572,0.14285714285714296,0.3086419753086412,0.8224855729789692,0.03626479598672697,0.009416892169980238
2005-03-23,0.029999999999999805,0.020000000000000018,6649.81,0.10714285714285643,0.12345679012345653,0.8227327374387404,0.010882708167179012,0.009460077519849995
2005-03-24,0.04999999999999982,0.010000000000000009,6646.764485714286,0.1785714285714279,0.06172839506172827,0.8223559380557213,0.0090647700402967,0.009496048829533713
2005-03-29,0.029999999999999805,0.07999999999999999,6631.536914285714,0.10714285714285643,0.49382716049382563,0.8204719411406255,0.04341121381696389,0.0096683155510296
2005-03-30,0.05999999999999961,0.010000000000000009,6628.4914,0.21428571428571286,0.06172839506172827,0.8200951417576063,0.010847819335417978,0.009711362453154276
2005-03-31,0.16000000000000014,0.08000000000000002,6630.590342857143,0.5714285714285718,0.4938271604938258,0.8203548287264949,0.23149342609565945,0.010629987159883083
2005-04-05,0.23999999999999977,0.07,6641.085057142857,0.8571428571428562,0.4320987654320975,0.8216532635709376,0.3043160235447905,0.011837590427917965
2005-04-06,0.10000000000000009,0.07999999999999996,6643.184,0.35714285714285743,0.49382716049382547,0.821912950539826,0.14495819233506596,0.012412821349882513
2005-04-07,0.07000000000000028,0.02999999999999997,6643.257228571429,0.250000000000001,0.18518518518518445,0.8219220105795911,0.038051944934240335,0.012563821131367593
2005-04-08,0.08000000000000007,0.020000000000000018,6643.330457142857,0.2857142857142859,0.12345679012345653,0.8219310706193562,0.028992277623257675,0.012678869852094807
2005-04-11,0.04999999999999982,0.06,6643.550142857143,0.1785714285714279,0.37037037037036924,0.8219582507386515,0.05436231817054536,0.012894593336898559
2005-04-12,0.010000000000000231,0.04999999999999999,6643.623371428572,0.03571428571428654,0.308641975308641,0.8219673107784166,0.009060486229920998,0.012930547647334752
2005-04-13,0.009999999999999787,0.010000000000000009,6643.6966,0.03571428571428495,0.06172839506172827,0.8219763708181815,0.0018121172196167597,0.012937738588682439
2005-04-14,0.040000000000000036,0.010000000000000009,6649.004057142857,0.14285714285714296,0.06172839506172827,0.8226330239772917,0.00725425947069921,0.012966525332613785
2005-04-15,0.06999999999999984,0.019999999999999962,6654.311514285714,0.24999999999999942,0.1234567901234562,0.8232896771364017,0.02541017522025913,0.013067359361265607
2005-04-18,0.009999999999999787,0.14,6670.233885714286,0.03571428571428495,0.864197530864195,0.8252596366137318,0.025470976438694806,0.01316843466459376
2005-04-19,0.04999999999999982,0.13,6675.541342857143,0.1785714285714279,0.8024691358024668,0.8259162897728419,0.11835220201771246,0.013638086259902142
2005-04-20,0.07999999999999963,0.07999999999999996,6680.8488,0.28571428571428437,0.49382716049382547,0.8265729429319519,0.11662404838545964,0.014100880102701585
2005-04-21,0.06999999999999984,0.08999999999999997,6679.159042857143,0.24999999999999942,0.5555555555555537,0.8263638815422657,0.11477276132531403,0.014556327568278227
2005-04-22,0.07999999999999963,0.12,6677.469285714285,0.28571428571428437,0.7407407407407385,0.8261548201525795,0.17484758098467154,0.015250167175360258
2005-04-25,0.07999999999999963,0.010000000000000009,6672.400014285714,0.28571428571428437,0.06172839506172827,0.8255276359835206,0.014559570299532894,0.015307943247977452
2005-04-26,0.029999999999999805,0.030000000000000027,6670.710257142857,0.10714285714285643,0.18518518518518481,0.8253185745938344,0.016375368543528317,0.01537292486918193
2005-04-27,0.11000000000000032,0.019999999999999962,6669.0205,0.39285714285714396,0.1234567901234562,0.8251095132041482,0.040018539000201116,0.015531728595373204
2005-04-28,0.1499999999999999,0.04999999999999999,6669.441728571428,0.5357142857142854,0.308641975308641,0.8251616287586766,0.1364354544905214,0.016073139129065748
2005-04-29,0.22999999999999998,0.07,6669.862957142857,0.8214285714285713,0.4320987654320975,0.8252137443132052,0.2928999401111676,0.017235440478713237
2005-05-03,0.06000000000000005,0.03999999999999998,6671.547871428572,0.21428571428571447,0.24691358024691273,0.8254222065313189,0.043673132620704595,0.01740874656054143
2005-05-04,0.020000000000000018,0.04999999999999999,6671.9691,0.07142857142857148,0.308641975308641,0.8254743220858474,0.01819828752393839,0.017480961987223723
2005-05-05,0.020000000000000018,0.08999999999999997,6675.880657142858,0.07142857142857148,0.5555555555555537,0.8259582706672041,0.03277612185187309,0.017611025962826394
2005-05-06,0.009999999999999787,0.06,6679.792214285714,0.03571428571428495,0.37037037037036924,0.8264422192485605,0.010931775386885454,0.017654406023885464
2005-05-10,0.0,0.03999999999999998,6695.438442857143,0.0,0.24691358024691273,0.828378013573987,0.0,0.017654406023885464
2005-05-11,0.010000000000000231,0.040000000000000036,6699.35,0.03571428571428654,0.24691358024691307,0.8288619621553436,0.00730918837879507,0.017683410739674332
2005-05-12,0.029999999999999805,0.02999999999999997,6701.388257142858,0.10714285714285643,0.18518518518518445,0.829114140921165,0.01645067739922929,0.01774869120554429
2005-05-13,0.029999999999999805,0.08000000000000002,6703.426514285715,0.10714285714285643,0.4938271604938258,0.8293663196869865,0.0438818158564539,0.017922825395450852
2005-05-16,0.06999999999999984,0.03999999999999998,6709.541285714286,0.24999999999999942,0.24691358024691273,0.8301228559844506,0.05124215160397813,0.01812616726689521
2005-05-17,0.019999999999999574,0.040000000000000036,6711.579542857143,0.0714285714285699,0.24691358024691307,0.8303750347502721,0.014645062341274296,0.0181842825936463
2005-05-18,0.009999999999999787,0.02999999999999997,6713.6178,0.03571428571428495,0.18518518518518445,0.8306272135160935,0.005493566226958151,0.01820608245962629
2005-05-19,0.010000000000000231,0.019999999999999962,6718.019757142857,0.03571428571428654,0.1234567901234562,0.8311718357308983,0.003664778817155703,0.01822062523271024
2005-05-20,0.0,0.04999999999999999,6722.421714285714,0.0,0.308641975308641,0.831716457945703,0.0,0.01822062523271024
2005-05-23,0.009999999999999787,0.04999999999999999,6735.6275857142855,0.03571428571428495,0.308641975308641,0.8333503245901173,0.009185960368056622,0.018257077456393007
2005-05-24,0.029999999999999805,0.030000000000000027,6740.029542857143,0.10714285714285643,0.18518518518518481,0.833894946804922,0.016545534658827677,0.018322734339959783
2005-05-25,0.0,0.06,6744.4315,0.0,0.37037037037036924,0.8344395690197268,0.0,0.018322734339959783
2005-05-26,0.0,0.02999999999999997,6744.186257142856,0.0,0.18518518518518445,0.8344092269005994,0.0,0.018322734339959783
2005-05-27,0.0,0.030000000000000027,6743.941014285714,0.0,0.18518518518518481,0.834378884781472,0.0,0.018322734339959783
2005-05-31,0.08000000000000007,0.010000000000000009,6742.960042857143,0.2857142857142859,0.06172839506172827,0.8342575163049626,0.014713536442768278,0.01838112138933585
2005-06-01,0.010000000000000231,0.020000000000000018,6742.7148,0.03571428571428654,0.12345679012345653,0.8342271741858351,0.0036782503270981156,0.018395717620792586
2005-06-02,0.009999999999999787,0.0,6744.618828571428,0.03571428571428495,0.0,0.8344627458245335,0.0,0.018395717620792586
2005-06-03,0.019999999999999574,0.010000000000000009,6746.522857142857,0.0714285714285699,0.06172839506172827,0.834698317463232,0.0036803276784092257,0.018410322095706907
2005-06-07,0.040000000000000036,0.0,6754.1389714285715,0.14285714285714296,0.0,0.8356406040180255,0.0,0.018410322095706907
2005-06-08,0.03000000000000025,0.020000000000000018,6756.043,0.10714285714285803,0.12345679012345653,0.8358761756567239,0.011056563170062553,0.01845419734638176
2005-06-09,0.019999999999999574,0.020000000000000018,6747.807671428571,0.0714285714285699,0.12345679012345653,0.8348572782116421,0.007362057127086618,0.018483411858790832
2005-06-10,0.019999999999999574,0.040000000000000036,6739.572342857143,0.0714285714285699,0.24691358024691307,0.8338383807665605,0.014706144281596842,0.018541769574193994
2005-06-13,0.08000000000000007,0.030000000000000027,6714.866357142857,0.2857142857142859,0.18518518518518481,0.8307816884313153,0.043956703091603926,0.018716200935668614
2005-06-14,0.0,0.050000000000000044,6706.631028571429,0.0,0.30864197530864135,0.8297627909862336,0.0,0.018716200935668614
2005-06-15,0.040000000000000036,0.06,6698.3957,0.14285714285714296,0.37037037037036924,0.8287438935411519,0.0438488832561455,0.01889020444065332
2005-06-16,0.009999999999999787,0.06,6708.451428571429,0.03571428571428495,0.37037037037036924,0.8299880158686338,0.010978677458579543,0.01893377062104451
2005-06-17,0.019999999999999574,0.06,6718.507157142857,0.0714285714285699,0.37037037037036924,0.8312321381961156,0.021990268206245906,0.019021033590116913
2005-06-20,0.040000000000000036,0.03999999999999998,6748.674342857143,0.14285714285714296,0.24691358024691273,0.8349645051785614,0.02945201076467581,0.019137906648706897
2005-06-21,0.040000000000000036,0.02999999999999997,6758.730071428571,0.14285714285714296,0.18518518518518445,0.8362086275060432,0.022121921362593663,0.01922569205093941
2005-06-22,0.06000000000000005,0.010000000000000009,6768.7858,0.21428571428571447,0.06172839506172827,0.8374527498335251,0.011077417325840265,0.019269650056200682
2005-06-23,0.05999999999999961,0.050000000000000044,6769.8919,0.21428571428571286,0.30864197530864135,0.8375895995601912,0.0553961375370492,0.01948947599880802
2005-06-24,0.07999999999999963,0.06,6770.998,0.28571428571428437,0.37037037037036924,0.8377264492868571,0.08864830151183604,0.01984125497306134
2005-06-27,0.23999999999999977,0.08999999999999997,6774.3163,0.8571428571428562,0.5555555555555537,0.8381369984668553,0.39911285641278643,0.021425036149302554
2005-06-28,0.1200000000000001,0.08000000000000002,6775.4224,0.42857142857142894,0.4938271604938258,0.8382738481935214,0.17741245464413116,0.022129053826461804
2005-06-29,0.13000000000000034,0.04999999999999999,6776.5285,0.46428571428571547,0.308641975308641,0.8384106979201874,0.12014262646563525,0.022605810280690516
2005-06-30,0.28000000000000025,0.009999999999999953,6778.3273,1.0000000000000009,0.06172839506172793,0.8386332503913263,0.05176748459205683,0.02281123680684947
2005-07-01,0.29000000000000004,0.030000000000000027,6780.1261,1.0357142857142858,0.18518518518518481,0.8388558028624654,0.1608916553109223,0.023449695756495987
2005-07-05,0.08000000000000007,0.009999999999999953,6787.3213000000005,0.2857142857142859,0.06172839506172793,0.8397460127470213,0.014810335321816852,0.02350846692840796
2005-07-06,0.36999999999999966,0.0,6789.1201,1.32142857142857,0.0,0.8399685652181603,0.0,0.02350846692840796
2005-07-07,0.17999999999999972,0.009999999999999953,6794.143114285715,0.6428571428571418,0.06172839506172793,0.840590026326595,0.03335674707645187,0.023640834972362135
2005-07-08,0.13999999999999968,0.030000000000000027,6799.166128571429,0.49999999999999883,0.18518518518518481,0.8412114874350296,0.07788995254028018,0.023949922085617213
2005-07-12,0.04999999999999982,0.03999999999999998,6819.258185714286,0.1785714285714279,0.24691358024691273,0.843697331868768,0.03720005872437222,0.024097541366269484
2005-07-13,0.04999999999999982,0.010000000000000009,6824.2812,0.1785714285714279,0.06172839506172827,0.8443187929772027,0.009306865001953239,0.024134473370245487
2005-07-14,0.09999999999999964,0.019999999999999962,6828.842142857143,0.3571428571428558,0.1234567901234562,0.8448830853407677,0.037252340623490324,0.0242823001187514
2005-07-15,0.09999999999999964,0.030000000000000027,6833.403085714286,0.3571428571428558,0.18518518518518481,0.8454473777043329,0.055915831858751854,0.024504188340413114
2005-07-18,0.08000000000000007,0.04999999999999999,6847.085914285714,0.2857142857142859,0.308641975308641,0.8471402547950281,0.07470372617240088,0.0248006316982401
2005-07-19,0.18999999999999995,0.04999999999999999,6851.646857142858,0.6785714285714283,0.308641975308641,0.8477045471585932,0.1775395325839199,0.025505153652938196
2005-07-20,0.06999999999999984,0.040000000000000036,6856.2078,0.24999999999999942,0.24691358024691307,0.8482688395221584,0.052362274044577446,0.02571294045470239
2005-07-21,0.04999999999999982,0.07,6856.923285714286,0.1785714285714279,0.4320987654320975,0.848357361377717,0.06545967294581106,0.025972701061630212
2005-07-22,0.06999999999999984,0.07,6857.638771428571,0.24999999999999942,0.4320987654320975,0.8484458832332756,0.09165310467026078,0.026336403857940772
2005-07-25,0.029999999999999805,0.10000000000000003,6859.785228571429,0.10714285714285643,0.6172839506172824,0.8487114487999516,0.05613170957671586,0.026559148737213455
2005-07-26,0.020000000000000018,0.08000000000000002,6860.500714285714,0.07142857142857148,0.4938271604938258,0.8487999706555103,0.02994003423828954,0.026677958396889207
2005-07-27,0.020000000000000018,0.06,6861.2162,0.07142857142857148,0.37037037037036924,0.848888492511069,0.022457367526747807,0.02676707493469376
2005-07-28,0.020000000000000018,0.020000000000000018,6863.1762,0.07142857142857148,0.12345679012345653,0.849130989088472,0.007487927593372758,0.02679678893308016
2005-07-29,0.06000000000000005,0.0,6865.1362,0.21428571428571447,0.0,0.8493734856658749,0.0,0.02679678893308016
2005-08-01,0.029999999999999805,0.010000000000000009,6871.0162,0.10714285714285643,0.06172839506172827,0.8501009753980837,0.005622360948399976,0.026819099889224606
2005-08-02,0.06999999999999984,0.0,6872.9762,0.24999999999999942,0.0,0.8503434719754868,0.0,0.026819099889224606
2005-08-03,0.040000000000000036,0.0,6874.9362,0.14285714285714296,0.0,0.8505859685528897,0.0,0.026819099889224606
2005-08-04,0.1299999999999999,0.0,6875.897557142857,0.46428571428571386,0.0,0.8507049102961574,0.0,0.026819099889224606
2005-08-05,0.18000000000000016,0.04999999999999999,6876.8589142857145,0.6428571428571433,0.308641975308641,0.8508238520394251,0.1688142563570284,0.027488997731911227
2005-08-08,0.1499999999999999,0.010000000000000009,6879.742985714285,0.5357142857142854,0.06172839506172827,0.8511806772692282,0.02814750916895588,0.027600694196867403
2005-08-09,0.03000000000000025,0.030000000000000027,6880.704342857142,0.10714285714285803,0.18518518518518481,0.851299619012496,0.016890865456597248,0.02766772144074279
2005-08-10,0.010000000000000231,0.0,6881.6657,0.03571428571428654,0.0,0.8514185607557637,0.0,0.02766772144074279
2005-08-11,0.019999999999999574,0.0,6884.464,0.0714285714285699,0.0,0.8517647741091039,0.0,0.02766772144074279
2005-08-12,0.05999999999999961,0.03999999999999998,6887.262299999999,0.21428571428571286,0.24691358024691273,0.852110987462444,0.04508523743187488,0.027846631113091498
2005-08-15,0.1299999999999999,0.040000000000000036,6895.657200000001,0.46428571428571386,0.24691358024691307,0.8531496275224645,0.09780374918687836,0.028234741228912445
2005-08-16,0.04999999999999982,0.0,6898.4555,0.1785714285714279,0.0,0.8534958408758047,0.0,0.028234741228912445
2005-08-17,0.020000000000000018,0.020000000000000018,6901.2538,0.07142857142857148,0.12345679012345653,0.8538420542291448,0.007529471377682042,0.02826462008358579
2005-08-18,0.04999999999999982,0.040000000000000036,6903.411257142858,0.1785714285714279,0.24691358024691307,0.8541089807460002,0.037659126135184975,0.028414061060312714
2005-08-19,0.009999999999999787,0.030000000000000027,6905.568714285714,0.03571428571428495,0.18518518518518481,0.8543759072628554,0.005650634307293885,0.028436484212325783
2005-08-22,0.06000000000000005,0.03999999999999998,6912.041085714286,0.21428571428571447,0.24691358024691273,0.8551766868134213,0.04524744374674175,0.02861603756052714
2005-08-23,0.009999999999999787,0.03999999999999998,6914.1985428571425,0.03571428571428495,0.24691358024691273,0.8554436133302765,0.007543594473811775,0.02864597245923274
2005-08-24,0.040000000000000036,0.020000000000000018,6916.356,0.14285714285714296,0.12345679012345653,0.8557105398471319,0.015091896646333874,0.028705860937988034
2005-08-25,0.009999999999999787,0.0,6914.645328571429,0.03571428571428495,0.0,0.8554988908846373,0.0,0.028705860937988034
2005-08-26,0.0,0.010000000000000009,6912.934657142857,0.0,0.06172839506172827,0.8552872419221426,0.0,0.028705860937988034
2005-08-30,0.029999999999999805,0.02999999999999997,6906.091971428571,0.10714285714285643,0.18518518518518445,0.8544406460721637,0.016953187422066564,0.028773135491250202
2005-08-31,0.08999999999999986,0.03999999999999998,6904.3813,0.3214285714285709,0.24691358024691273,0.8542289971096692,0.0677959521515607,0.02904216704740719
2005-09-01,0.029999999999999805,0.06,6904.509685714285,0.10714285714285643,0.37037037037036924,0.854244881342476,0.03389860640247888,0.029176685326782106
2005-09-02,0.04999999999999982,0.010000000000000009,6904.6380714285715,0.1785714285714279,0.06172839506172827,0.8542607655752831,0.009416454646993807,0.029214052210301922
2005-09-06,0.0,0.06999999999999995,6905.1516142857145,0.0,0.4320987654320972,0.8543243025065111,0.0,0.029214052210301922
2005-09-07,0.010000000000000231,0.03999999999999998,6905.28,0.03571428571428654,0.24691358024691273,0.8543401867393181,0.007533864080593782,0.029243948496336023
2005-09-08,0.0,0.030000000000000027,6907.060385714285,0.0,0.18518518518518481,0.8545604609445075,0.0,0.029243948496336023
2005-09-09,0.0,0.06,6908.840771428571,0.0,0.37037037037036924,0.8547807351496971,0.0,0.029243948496336023
2005-09-13,0.040000000000000036,0.12999999999999995,6915.9623142857145,0.14285714285714296,0.8024691358024665,0.8556618319704551,0.09809174440578383,0.02963320145032723
2005-09-14,0.04999999999999982,0.13,6917.7427,0.1785714285714279,0.8024691358024668,0.8558821061756445,0.12264624537349324,0.03011989290022204
2005-09-15,0.17999999999999972,0.09000000000000002,6923.264028571429,0.6428571428571418,0.555555555555554,0.8565652200946693,0.3059161500338091,0.03133384587654668
2005-09-16,0.1299999999999999,0.02999999999999997,6928.785357142857,0.46428571428571386,0.18518518518518445,0.857248334013694,0.07370521390329345,0.031626326884099436
2005-09-19,0.08000000000000007,0.010000000000000009,6945.349342857143,0.2857142857142859,0.06172839506172827,0.8592976757707684,0.015155161830172261,0.031686466415171546
2005-09-20,0.0,0.08999999999999997,6950.870671428571,0.0,0.5555555555555537,0.8599807896897931,0.0,0.031686466415171546
2005-09-21,0.10000000000000009,0.09999999999999998,6956.392,0.35714285714285743,0.617283950617282,0.860663903608818,0.18974071949047971,0.03243940577822901
2005-09-22,0.1499999999999999,0.04999999999999993,6957.041657142857,0.5357142857142854,0.3086419753086407,0.860744280972914,0.14231882952594407,0.03300416303825259
2005-09-23,0.13999999999999968,0.09999999999999998,6957.691314285714,0.49999999999999883,0.617283950617282,0.8608246583370099,0.26568662294352013,0.03405847503406021
2005-09-26,0.10999999999999988,0.13000000000000006,6959.640285714286,0.39285714285714235,0.8024691358024671,0.8610657904292982,0.2714559259951261,0.03513568108959642
2005-09-27,0.040000000000000036,0.20999999999999996,6960.289942857143,0.14285714285714296,1.2962962962962923,0.8611461677933941,0.1594715125543319,0.03576850455211361
2005-09-28,0.0,0.010000000000000009,6960.9396,0.0,0.06172839506172827,0.8612265451574902,0.0,0.03576850455211361
2005-09-29,0.06000000000000005,0.020000000000000018,6960.791585714285,0.21428571428571447,0.12345679012345653,0.8612082324239736,0.022783286572062765,0.03585891441946307
2005-09-30,0.17000000000000037,0.030000000000000027,6960.643571428572,0.6071428571428584,0.18518518518518481,0.8611899196904571,0.0968269089599059,0.03624314818517698
2005-10-03,0.11000000000000032,0.0,6960.199528571428,0.39285714285714396,0.0,0.8611349814899074,0.0,0.03624314818517698
2005-10-04,0.06999999999999984,0.04999999999999993,6960.051514285715,0.24999999999999942,0.3086419753086407,0.8611166687563909,0.06644418740404208,0.03650681559551048
2005-10-05,0.18000000000000016,0.030000000000000027,6959.9035,0.6428571428571433,0.18518518518518481,0.8610983560228743,0.10251170905034206,0.036913608091741996
2005-10-06,0.17000000000000037,0.0,6961.113757142857,0.6071428571428584,0.0,0.8612480923570174,0.0,0.036913608091741996
2005-10-07,0.20000000000000018,0.020000000000000018,6962.324014285715,0.7142857142857149,0.12345679012345653,0.8613978286911604,0.07596100782108989,0.037215040662460605
2005-10-11,0.03999999999999959,0.06000000000000005,6967.165042857143,0.14285714285714138,0.37037037037036963,0.8619967740277324,0.04560829492210168,0.03739602595977053
2005-10-12,0.3700000000000001,0.07999999999999996,6968.3753,1.3214285714285716,0.49382716049382547,0.8621465103618755,0.562600015580058,0.039628565704135844
2005-10-13,0.020000000000000018,0.09999999999999998,6971.4128,0.07142857142857148,0.617283950617282,0.8625223181954783,0.038030084576520115,0.03977947873816966
2005-10-14,0.040000000000000036,0.10999999999999999,6974.4502999999995,0.14285714285714296,0.6790123456790103,0.862898126029081,0.08370264009100413,0.04011163207186412
2005-10-18,0.040000000000000036,0.07999999999999996,6986.6003,0.14285714285714296,0.49382716049382547,0.8644013573634922,0.060980695404831746,0.04035361895839123
2005-10-19,0.06000000000000005,0.11000000000000004,6989.6378,0.21428571428571447,0.6790123456790106,0.8647771651970951,0.1258273653064554,0.04085293390008351
2005-10-20,0.0,0.06,6988.334128571429,0.0,0.37037037037036924,0.8646158713912345,0.0,0.04085293390008351
2005-10-21,0.010000000000000231,0.03999999999999998,6987.030457142858,0.03571428571428654,0.24691358024691273,0.8644545775853741,0.00762305623973008,0.04088318412325704
2005-10-24,0.04999999999999982,0.020000000000000018,6983.1194428571425,0.1785714285714279,0.12345679012345653,0.8639706961677924,0.019046973019572033,0.04095876734952518
2005-10-25,0.029999999999999805,0.020000000000000018,6981.815771428572,0.10714285714285643,0.12345679012345653,0.863809402361932,0.011426050295792653,0.04100410881895293
2005-10-26,0.009999999999999787,0.010000000000000009,6980.5121,0.03571428571428495,0.06172839506172827,0.8636481085560715,0.001903986129973658,0.0410116643194687
2005-10-27,0.0900000000000003,0.020000000000000018,6977.766514285714,0.32142857142857245,0.12345679012345653,0.8633084171587854,0.03425827052217406,0.041147609837413834
2005-10-28,0.14000000000000012,0.010000000000000009,6975.020928571428,0.5000000000000004,0.06172839506172827,0.8629687257614993,0.026634837214861058,0.0412533036358855
2005-10-31,0.2699999999999996,0.0,6966.784171428571,0.9642857142857126,0.0,0.8619496515696411,0.0,0.0412533036358855
2005-11-01,0.14000000000000012,0.010000000000000009,6964.038585714286,0.5000000000000004,0.06172839506172827,0.861609960172355,0.026592900005319567,0.04135883101685899
2005-11-02,0.0900000000000003,0.010000000000000009,6961.293,0.32142857142857245,0.06172839506172827,0.8612702687750688,0.017088695809029164,0.041426643301815454
2005-11-03,0.10999999999999988,0.010000000000000009,6961.977842857143,0.39285714285714235,0.06172839506172827,0.8613549994122709,0.02088823852190244,0.04150953313721983
2005-11-04,0.10000000000000009,0.0,6962.6626857142855,0.35714285714285743,0.0,0.8614397300494729,0.0,0.04150953313721983
2005-11-07,0.0,0.06,6964.717214285714,0.0,0.37037037037036924,0.8616939219610792,0.0,0.04150953313721983
2005-11-08,0.05999999999999961,0.04999999999999999,6965.402057142857,0.21428571428571286,0.308641975308641,0.8617786525982812,0.0569959426321609,0.041735707512744274
2005-11-09,0.019999999999999574,0.0,6966.0869,0.0714285714285699,0.0,0.8618633832354833,0.0,0.041735707512744274
2005-11-10,0.020000000000000018,0.010000000000000009,6970.572928571429,0.07142857142857148,0.06172839506172827,0.8624184069980869,0.0038025502954060217,0.0417507969980435
2005-11-14,0.010000000000000675,0.020000000000000018,6988.517042857143,0.03571428571428812,0.12345679012345653,0.8646385020485018,0.0038123390742881755,0.041765925327703374
2005-11-15,0.009999999999999787,0.010000000000000009,6993.003071428571,0.03571428571428495,0.06172839506172827,0.8651935258111055,0.0019073931345041561,0.04177349434807839
2005-11-16,0.020000000000000018,0.030000000000000027,6997.4891,0.07142857142857148,0.18518518518518481,0.8657485495737092,0.011451700391186615,0.04181893760359897
2005-11-17,0.0,0.0,7000.465571428571,0.0,0.0,0.8661168067850185,0.0,0.04181893760359897
2005-11-21,0.07000000000000028,0.06,7012.371457142857,0.250000000000001,0.37037037037036924,0.8675898356302558,0.08033239218798673,0.04213771693767828
2005-11-22,0.010000000000000231,0.12000000000000005,7015.347928571429,0.03571428571428654,0.7407407407407389,0.8679580928415652,0.02296185430797839,0.042228835407154386
2005-11-23,0.009999999999999787,0.07,7018.3244,0.03571428571428495,0.4320987654320975,0.8683263500528745,0.013400097994642798,0.04228201039919662
2005-11-25,0.03000000000000025,0.08000000000000002,7013.222228571429,0.10714285714285803,0.4938271604938258,0.8676950954055521,0.04590979340770142,0.042464192119068454
2005-11-28,0.0,0.050000000000000044,7005.568971428572,0.0,0.30864197530864135,0.8667482134345688,0.0,0.042464192119068454
2005-11-29,0.019999999999999574,0.030000000000000027,7003.0178857142855,0.0714285714285699,0.18518518518518481,0.8664325861109075,0.011460748493530253,0.042509671279757064
2005-11-30,0.0,0.030000000000000027,7000.4668,0.0,0.18518518518518481,0.8661169587872464,0.0,0.042509671279757064
2005-12-02,0.03000000000000025,0.010000000000000009,7014.1648000000005,0.10714285714285803,0.06172839506172827,0.8678117129287085,0.0057394954558777364,0.04253244705537563
2005-12-05,0.010000000000000675,0.020000000000000018,7034.7118,0.03571428571428812,0.12345679012345653,0.8703538441409016,0.0038375389953305044,0.04254767538472218
2005-12-06,0.06000000000000005,0.010000000000000009,7041.5608,0.21428571428571447,0.06172839506172827,0.8712012212116326,0.011523825677402533,0.042593404851696
2005-12-07,0.020000000000000018,0.040000000000000036,7048.4098,0.07142857142857148,0.24691358024691307,0.8720485982823637,0.015380045825085757,0.042654436779573326
2005-12-08,0.08999999999999986,0.06999999999999995,7050.874814285715,0.3214285714285709,0.4320987654320972,0.8723535766127387,0.12116021897399085,0.043135231299311384
2005-12-09,0.16000000000000014,0.07999999999999996,7053.339828571428,0.5714285714285718,0.49382716049382547,0.8726585549431137,0.2462528550104018,0.044112425168400284
2005-12-12,0.26000000000000023,0.16000000000000003,7060.734871428572,0.9285714285714293,0.9876543209876516,0.8735734899342389,0.8011608726028278,0.047291634980316265
2005-12-13,0.14000000000000057,0.15000000000000002,7063.199885714285,0.500000000000002,0.9259259259259234,0.8738784682646139,0.40457336493732177,0.048897084841178655
2005-12-14,0.09999999999999964,0.16000000000000003,7065.6649,0.3571428571428558,0.9876543209876516,0.8741834465949889,0.30835394941621985,0.050120711624576354
2005-12-15,0.1299999999999999,0.030000000000000027,7066.9796,0.46428571428571386,0.18518518518518481,0.8743461048859642,0.0751752603407242,0.05041902614973796
2005-12-16,0.08999999999999986,0.030000000000000027,7068.2943,0.3214285714285709,0.18518518518518481,0.8745087631769396,0.05205409304624621,0.05062559001103258
2005-12-19,0.009999999999999787,0.050000000000000044,7072.2384,0.03571428571428495,0.30864197530864135,0.8749967380498657,0.009645025772154377,0.050663863922826846
2005-12-20,0.009999999999999787,0.040000000000000036,7073.5531,0.03571428571428495,0.24691358024691307,0.875159396340841,0.007717454994187129,0.05069448874423235
2005-12-21,0.16999999999999993,0.08000000000000007,7074.8678,0.6071428571428569,0.49382716049382613,0.8753220546318163,0.26244223860213123,0.05173592619900271
2005-12-22,0.0,0.030000000000000027,7077.813371428571,0.0,0.18518518518518481,0.8756864888103493,0.0,0.05173592619900271
2005-12-23,0.040000000000000036,0.040000000000000036,7080.758942857143,0.14285714285714296,0.24691358024691307,0.8760509229888821,0.030901267124828248,0.05185855027489489
2005-12-28,0.019999999999999574,0.06000000000000005,7095.4868,0.0714285714285699,0.37037037037036963,0.8778730938815467,0.023224155922791697,0.051950709623794854
2005-12-29,0.03000000000000025,0.020000000000000018,7094.012185714286,0.10714285714285803,0.12345679012345653,0.8776906505564063,0.011609664689899624,0.05199677972177064
2005-12-30,0.1200000000000001,0.06999999999999995,7092.537571428571,0.42857142857142894,0.4320987654320972,0.8775082072312658,0.16250151985764136,0.05264162702279303
2006-01-04,0.1299999999999999,0.21000000000000002,7085.1645,0.46428571428571386,1.2962962962962925,0.8765959906055637,0.527580920271865,0.054735202103236937
2006-01-05,0.15000000000000036,0.15999999999999998,7086.130785714286,0.5357142857142869,0.9876543209876513,0.8767155421252105,0.4638706572091057,0.056575958679463544
2006-01-06,0.1299999999999999,0.12000000000000005,7087.097071428571,0.46428571428571386,0.7407407407407389,0.8768350936448572,0.30155704278791284,0.05777261361116161
2006-01-10,0.0,0.08999999999999997,7090.962214285714,0.0,0.5555555555555537,0.8773132997234443,0.0,0.05777261361116161
2006-01-11,0.020000000000000462,0.07,7091.9285,0.07142857142857308,0.4320987654320975,0.8774328512430911,0.02708126084083669,0.05788007893195858
2006-01-12,0.0600000000000005,0.07,7096.184542857143,0.21428571428571605,0.4320987654320975,0.8779594205421408,0.08129253893908754,0.05820266837219305
2006-01-13,0.08000000000000007,0.06,7100.440585714286,0.2857142857142859,0.37037037037036924,0.8784859898411905,0.09296148040647498,0.05857156313571081
2006-01-17,0.040000000000000036,0.06,7117.464757142857,0.14285714285714296,0.37037037037036924,0.8805922670373894,0.046592183441131606,0.0587564527525407
2006-01-18,0.05999999999999961,0.030000000000000027,7121.7208,0.21428571428571286,0.18518518518518481,0.8811188363364391,0.03496503318795363,0.058895202884238926
2006-01-19,0.0699999999999994,0.020000000000000018,7125.198742857143,0.2499999999999978,0.12345679012345653,0.8815491369687146,0.02720830669656497,0.05900317235525704
2006-01-20,0.05999999999999961,0.0,7128.676685714286,0.21428571428571286,0.0,0.8819794376009903,0.0,0.05900317235525704
2006-01-24,0.04999999999999982,0.010000000000000009,7142.588457142857,0.1785714285714279,0.06172839506172827,0.8837006401300926,0.0097409682554022,0.059041826991191176
2006-01-25,0.1200000000000001,0.02999999999999997,7146.0664,0.42857142857142894,0.18518518518518445,0.8841309407623683,0.07016912228272743,0.059320275889138505
2006-01-26,0.1299999999999999,0.03999999999999998,7147.000857142857,0.46428571428571386,0.24691358024691273,0.8842465543638339,0.10136865261666483,0.059722532447141145
2006-01-27,0.17999999999999972,0.03999999999999998,7147.935314285714,0.6428571428571418,0.24691358024691273,0.8843621679652995,0.14037494729607858,0.06027957588879225
2006-01-30,0.1200000000000001,0.040000000000000036,7150.738685714286,0.42857142857142894,0.24691358024691307,0.8847090087696964,0.09362000092801008,0.060651083828982766
2006-01-31,0.09999999999999964,0.020000000000000018,7151.673142857143,0.3571428571428558,0.12345679012345653,0.884824622371162,0.03901343132147958,0.06080589903263943
2006-02-01,0.04999999999999982,0.0,7152.6076,0.1785714285714279,0.0,0.8849402359726276,0.0,0.06080589903263943
2006-02-02,0.0600000000000005,0.020000000000000018,7150.865857142858,0.21428571428571605,0.12345679012345653,0.8847247427677434,0.023405416475337268,0.060898777669446326
2006-02-03,0.08999999999999986,0.010000000000000009,7149.124114285714,0.3214285714285709,0.06172839506172827,0.884509249562859,0.01754978669767571,0.06096841968015139
2006-02-06,0.040000000000000036,0.040000000000000036,7143.898885714286,0.14285714285714296,0.24691358024691307,0.8838627699482062,0.031176817282123633,0.06109213720904871
2006-02-07,0.010000000000000675,0.020000000000000018,7142.157142857142,0.03571428571428812,0.12345679012345653,0.8836472767433219,0.003896152013859698,0.06110759812973863
2006-02-08,0.02999999999999936,0.0,7140.4154,0.10714285714285485,0.0,0.8834317835384377,0.0,0.06110759812973863
2006-02-09,0.009999999999999787,0.010000000000000009,7144.478257142857,0.03571428571428495,0.06172839506172827,0.8839344513708968,0.001948709107960485,0.061115331102389266
2006-02-10,0.0,0.020000000000000018,7148.541114285715,0.0,0.12345679012345653,0.8844371192033561,0.0,0.061115331102389266
2006-02-13,0.040000000000000036,0.040000000000000036,7160.729685714286,0.14285714285714296,0.24691358024691307,0.8859451227007336,0.03125026887833271,0.061239340105874715
2006-02-14,0.0699999999999994,0.030000000000000027,7164.792542857143,0.2499999999999978,0.18518518518518481,0.8864477905331928,0.04103924956172144,0.06140219427080218
2006-02-15,0.009999999999999787,0.010000000000000009,7168.8554,0.03571428571428495,0.06172839506172827,0.886950458365652,0.0019553581533633844,0.06140995362855362
2006-02-16,0.02999999999999936,0.0,7171.2099285714285,0.10714285714285485,0.0,0.8872417671003299,0.0,0.06140995362855362
2006-02-17,0.02999999999999936,0.020000000000000018,7173.5644571428575,0.10714285714285485,0.12345679012345653,0.887533075835008,0.011739855500462791,0.06145654035673006
2006-02-21,0.05999999999999961,0.010000000000000009,7182.982571428572,0.21428571428571286,0.06172839506172827,0.88869831077372,0.01175526866102794,0.06150318824824207
2006-02-22,0.009999999999999787,0.010000000000000009,7185.3371,0.03571428571428495,0.06172839506172827,0.8889896195083979,0.0019598536585281683,0.06151096544529972
2006-02-23,0.010000000000000675,0.010000000000000009,7187.996171428571,0.03571428571428812,0.06172839506172827,0.8893186071208972,0.0019605789398610125,0.0615187455204579
2006-02-24,0.0,0.020000000000000018,7190.655242857143,0.0,0.12345679012345653,0.8896475947333965,0.0,0.0615187455204579
2006-02-28,0.04999999999999982,0.0,7201.291528571429,0.1785714285714279,0.0,0.8909635451833936,0.0,0.0615187455204579
2006-03-01,0.03999999999999915,0.020000000000000018,7203.9506,0.1428571428571398,0.12345679012345653,0.8912925327958928,0.015719445022854883,0.06158112427054859
2006-03-02,0.019999999999999574,0.020000000000000018,7201.256142857143,0.0714285714285699,0.12345679012345653,0.8909591671657388,0.007856782779239135,0.061612301979990014
2006-03-03,0.02999999999999936,0.02999999999999997,7198.561685714286,0.10714285714285485,0.18518518518518445,0.8906258015355849,0.01767114685586433,0.0616824255786244
2006-03-06,0.009999999999999787,0.06,7190.478314285714,0.03571428571428495,0.37037037037036924,0.8896257046451229,0.011767535775728852,0.061729122149163006
2006-03-07,0.009999999999999787,0.07,7187.783857142857,0.03571428571428495,0.4320987654320975,0.889292339014969,0.013723647207020791,0.06178358106665118
2006-03-08,0.0,0.06999999999999995,7185.0894,0.0,0.4320987654320972,0.8889589733848149,0.0,0.06178358106665118
2006-03-09,0.0,0.06999999999999995,7189.819742857143,0.0,0.4320987654320972,0.8895442243811413,0.0,0.06178358106665118
2006-03-10,0.0,0.050000000000000044,7194.550085714285,0.0,0.30864197530864135,0.8901294753774676,0.0,0.06178358106665118
2006-03-13,0.009999999999999787,0.03999999999999998,7208.7411142857145,0.03571428571428495,0.24691358024691273,0.8918852283664468,0.007864949103760357,0.061814791182142295
2006-03-14,0.0,0.06,7213.471457142857,0.0,0.37037037037036924,0.892470479362773,0.0,0.061814791182142295
2006-03-15,0.040000000000000036,0.0,7218.2018,0.14285714285714296,0.0,0.8930557303590994,0.0,0.061814791182142295
2006-03-16,0.040000000000000036,0.020000000000000018,7220.4514,0.14285714285714296,0.12345679012345653,0.893334057043041,0.01575545074149982,0.06187731281206888
2006-03-17,0.08999999999999986,0.009999999999999953,7222.701,0.3214285714285709,0.06172839506172793,0.8936123837269828,0.01773040443902727,0.0619476715598428
2006-03-20,0.08000000000000007,0.019999999999999962,7229.449799999999,0.2857142857142859,0.1234567901234562,0.8944473637788077,0.03155017156186258,0.06207287065334226
2006-03-21,0.009999999999999787,0.07,7231.6993999999995,0.03571428571428495,0.4320987654320975,0.8947256904627494,0.013807495223190242,0.06212766230105333
2006-03-22,0.019999999999999574,0.02999999999999997,7233.949,0.0714285714285699,0.18518518518518445,0.8950040171466911,0.011838677475485032,0.0621746411799243
2006-03-23,0.040000000000000036,0.020000000000000018,7234.358257142857,0.14285714285714296,0.12345679012345653,0.8950546515632323,0.015785796323866508,0.06223728322882853
2006-03-24,0.09000000000000075,0.010000000000000009,7234.767514285714,0.32142857142857406,0.06172839506172827,0.8951052859797733,0.0177600255154718,0.062307759520556595
2006-03-27,0.1899999999999995,0.06,7235.995285714285,0.6785714285714267,0.37037037037036924,0.8952571892293966,0.22499849993860369,0.06320061071078915
2006-03-28,0.0600000000000005,0.06,7236.404542857143,0.21428571428571605,0.37037037037036924,0.8953078236459378,0.0710561764798367,0.06348257966507422
2006-03-29,0.0,0.08999999999999997,7236.8138,0.0,0.5555555555555537,0.8953584580624788,0.0,0.06348257966507422
2006-03-30,0.0699999999999994,0.08000000000000002,7240.073528571428,0.2499999999999978,0.4938271604938258,0.8957617606246391,0.11058787168205293,0.06392142042571729
2006-03-31,0.3099999999999996,0.06,7243.333257142857,1.1071428571428557,0.37037037037036924,0.8961650631867993,0.36747509204749546,0.06537965491796925
2006-04-03,0.17999999999999972,0.0,7253.112442857143,0.6428571428571418,0.0,0.89737497087328,0.0,0.06537965491796925
2006-04-04,0.0,0.020000000000000018,7256.372171428572,0.0,0.12345679012345653,0.8977782734354404,0.0,0.06537965491796925
2006-04-05,0.2400000000000002,0.009999999999999953,7259.6319,0.8571428571428579,0.06172839506172793,0.8981815759976005,0.04752283470886743,0.0655682375953854
2006-04-06,0.2400000000000002,0.02999999999999997,7264.7814285714285,0.8571428571428579,0.18518518518518445,0.8988186898005648,0.1426696333016765,0.06613438693388411
2006-04-07,0.2400000000000002,0.019999999999999962,7269.930957142858,0.8571428571428579,0.1234567901234562,0.8994558036035293,0.09518050831783341,0.06651208736371679
2006-04-10,0.020000000000000462,0.010000000000000009,7285.379542857143,0.07142857142857308,0.06172839506172827,0.9013671450124223,0.0039742819444993,0.06652785832381401
2006-04-11,0.019999999999999574,0.019999999999999962,7290.529071428572,0.0714285714285699,0.1234567901234562,0.9020042588153867,0.00795418217650232,0.06655942253880014
2006-04-12,0.020000000000000462,0.02999999999999997,7295.6786,0.07142857142857308,0.18518518518518445,0.902641372618351,0.011939700696010162,0.06660680230346684
2006-04-13,0.0600000000000005,0.03999999999999998,7301.115928571428,0.21428571428571605,0.24691358024691273,0.9033140938269156,0.047794396498778834,0.06679646260703342
2006-04-18,0.10000000000000053,0.0,7328.302571428571,0.35714285714285904,0.0,0.9066776998697389,0.0,0.06679646260703342
2006-04-19,0.09999999999999964,0.02999999999999997,7333.7399,0.3571428571428558,0.18518518518518445,0.9073504210783035,0.06000994848401433,0.06703459732323983
2006-04-20,0.0699999999999994,0.020000000000000018,7334.632771428571,0.2499999999999978,0.12345679012345653,0.9074608895811043,0.028008052147564643,0.06714574038731747
2006-04-25,0.009999999999999787,0.02999999999999997,7339.097128571429,0.03571428571428495,0.18518518518518445,0.908013232095108,0.006005378519147387,0.06716957125445694
2006-04-26,0.009999999999999787,0.0,7339.99,0.03571428571428495,0.0,0.9081237005979087,0.0,0.06716957125445694
2006-04-27,0.04999999999999982,0.010000000000000009,7342.271042857143,0.1785714285714279,0.06172839506172827,0.9084059174784019,0.010013292741163984,0.06720930654311236
2006-04-28,0.1200000000000001,0.010000000000000009,7344.552085714286,0.42857142857142894,0.06172839506172827,0.9086881343588951,0.024039368633833172,0.06730470086308789
2006-05-02,0.0,0.020000000000000018,7353.676257142857,0.0,0.12345679012345653,0.9098170018808678,0.0,0.06730470086308789
2006-05-03,0.05000000000000071,0.010000000000000009,7355.9573,0.1785714285714311,0.06172839506172827,0.9100992187613609,0.010031957878762918,0.06734451021974965
2006-05-04,0.03000000000000025,0.010000000000000009,7357.084585714286,0.10714285714285803,0.06172839506172827,0.9102386896427229,0.006020097153721749,0.06736839949416917
2006-05-05,0.03000000000000025,0.010000000000000009,7358.211871428572,0.10714285714285803,0.06172839506172827,0.9103781605240849,0.006021019580185784,0.06739229242901118
2006-05-09,0.04999999999999982,0.06,7362.721014285714,0.1785714285714279,0.37037037037036924,0.9109360440495329,0.06024709286041843,0.0676313681943303
2006-05-10,0.04999999999999982,0.04999999999999999,7363.8483,0.1785714285714279,0.308641975308641,0.9110755149308949,0.05021359760421564,0.06783062850228354
2006-05-11,0.16000000000000014,0.010000000000000009,7368.0797999999995,0.5714285714285718,0.06172839506172827,0.9115990477203237,0.0321551692317574,0.06795822838018734
2006-05-12,0.17999999999999972,0.019999999999999962,7372.311299999999,0.6428571428571418,0.1234567901234562,0.9121225805097526,0.07239068099283705,0.06824549298730177
2006-05-15,0.1299999999999999,0.020000000000000018,7385.0058,0.46428571428571386,0.12345679012345653,0.9136931788780392,0.05237218397449063,0.06845331911418467
2006-05-16,0.009999999999999787,0.06,7389.2373,0.03571428571428495,0.37037037037036924,0.9142167116674681,0.012092813646394786,0.06850130646992433
2006-05-17,0.04999999999999982,0.06,7393.4688,0.1785714285714279,0.37037037037036924,0.9147402444568971,0.06049869341646104,0.06874138065014838
2006-05-18,0.009999999999999787,0.010000000000000009,7397.258457142857,0.03571428571428495,0.06172839506172827,0.9152091112358121,0.0020176567708020073,0.0687493872246357
2006-05-19,0.009999999999999787,0.03999999999999998,7401.048114285714,0.03571428571428495,0.24691358024691273,0.9156779780147272,0.008074761710888046,0.06878142992983763
2006-05-22,0.040000000000000036,0.07,7412.417085714285,0.14285714285714296,0.4320987654320975,0.9170845783514723,0.05661015915749817,0.06900607341855786
2006-05-23,0.05999999999999961,0.02999999999999997,7416.206742857143,0.21428571428571286,0.18518518518518445,0.9175534451303874,0.03641085099723721,0.06915056092251515
2006-05-24,0.09999999999999964,0.04999999999999999,7419.9964,0.3571428571428558,0.308641975308641,0.9180223119093024,0.10119293561610407,0.06955212019083302
2006-05-25,0.009999999999999787,0.040000000000000036,7420.106642857143,0.03571428571428495,0.24691358024691307,0.9180359514580475,0.00809555512749582,0.06958424540959293
2006-05-26,0.009999999999999787,0.020000000000000018,7420.216885714286,0.03571428571428495,0.12345679012345653,0.9180495910067925,0.004047837702851724,0.06960030825762012
2006-05-30,0.009999999999999787,0.020000000000000018,7420.657857142857,0.03571428571428495,0.12345679012345653,0.9181041492017726,0.00404807825926698,0.06961637206023626
2006-05-31,0.05999999999999961,0.010000000000000009,7420.7681,0.21428571428571286,0.06172839506172827,0.9181177887505177,0.012144415195112564,0.06966456418402639
2006-06-01,0.02999999999999936,0.040000000000000036,7420.236742857143,0.10714285714285485,0.24691358024691307,0.9180520477869863,0.024287091211295363,0.06976094153010295
2006-06-02,0.020000000000000462,0.06999999999999995,7419.7053857142855,0.07142857142857308,0.4320987654320972,0.917986306823455,0.02833291070442817,0.06987337371543799
2006-06-06,0.02999999999999936,0.020000000000000018,7417.579957142857,0.10714285714285485,0.12345679012345653,0.9177233429693294,0.012139197658324177,0.06992154513471706
2006-06-07,0.020000000000000462,0.040000000000000036,7417.0486,0.07142857142857308,0.24691358024691307,0.9176576020057982,0.01618443742514669,0.06998576909275335
2006-06-08,0.04999999999999982,0.0,7420.2444857142855,0.1785714285714279,0.0,0.9180530057545151,0.0,0.06998576909275335
2006-06-09,0.03000000000000025,0.019999999999999907,7423.440371428572,0.10714285714285803,0.12345679012345585,0.9184484095032321,0.012148788485492496,0.07003397857087039
2006-06-12,0.019999999999999574,0.0,7433.028028571428,0.0714285714285699,0.0,0.919634620749383,0.0,0.07003397857087039
2006-06-13,0.019999999999999574,0.030000000000000027,7436.223914285714,0.0714285714285699,0.18518518518518481,0.9200300244981,0.012169709318757651,0.07008227106816704
2006-06-14,0.0,0.029999999999999916,7439.4198,0.0,0.18518518518518412,0.920425428246817,0.0,0.07008227106816704
2006-06-15,0.019999999999999574,0.12,7439.9601999999995,0.0714285714285699,0.7407407407407385,0.9204922880174438,0.04870329566229742,0.070275538114446
2006-06-16,0.05999999999999961,0.09999999999999998,7440.500599999999,0.21428571428571286,0.617283950617282,0.9205591477880706,0.12176708304074889,0.07075874082492517
2006-06-19,0.04999999999999982,0.09999999999999998,7442.1218,0.1785714285714279,0.617283950617282,0.920759727099951,0.10149467891313324,0.07116149748727887
2006-06-20,0.09999999999999964,0.07999999999999996,7442.6622,0.3571428571428558,0.49382716049382547,0.9208265868705778,0.1624032781076845,0.07180595494008715
2006-06-21,0.03000000000000025,0.09000000000000008,7443.2026,0.10714285714285803,0.5555555555555544,0.9208934466412046,0.05481508610959585,0.07202347512306174
2006-06-22,0.040000000000000036,0.010000000000000009,7441.602685714285,0.14285714285714296,0.06172839506172827,0.9206955008562945,0.008119007944059023,0.07205569340855404
2006-06-23,0.040000000000000036,0.020000000000000018,7440.002771428572,0.14285714285714296,0.12345679012345653,0.9204975550713845,0.01623452478080041,0.07212011612593817
2006-06-26,0.1200000000000001,0.030000000000000027,7435.203028571428,0.42857142857142894,0.18518518518518481,0.9199037177166541,0.07300823156481374,0.07240983133056045
2006-06-27,0.03999999999999915,0.06000000000000005,7433.603114285715,0.1428571428571398,0.37037037037036963,0.9197057719317441,0.04866168105458849,0.07260293323950723
2006-06-28,0.07999999999999918,0.040000000000000036,7432.0032,0.28571428571428276,0.24691358024691307,0.919507826146834,0.06486827697684815,0.07286034703703441
2006-06-29,0.09999999999999964,0.040000000000000036,7432.886642857143,0.3571428571428558,0.24691358024691307,0.9196171281209096,0.08109498484311325,0.07318215253244359
2006-06-30,0.0699999999999994,0.030000000000000027,7433.770085714285,0.2499999999999978,0.18518518518518481,0.9197264300949852,0.04257992731921182,0.07335112049799601
2006-07-03,0.1900000000000004,0.05999999999999994,7436.420414285714,0.6785714285714299,0.3703703703703689,0.9200543360172121,0.23123058709427244,0.07426870219281455
2006-07-05,0.20000000000000018,0.010000000000000009,7438.1873,0.7142857142857149,0.06172839506172827,0.9202729399653633,0.04057640828771438,0.07442971968601976
2006-07-06,0.1900000000000004,0.010000000000000009,7440.0414,0.6785714285714299,0.06172839506172827,0.9205023343042219,0.03855719654272534,0.07458272443420517
2006-07-07,0.16999999999999993,0.010000000000000009,7441.8955,0.6071428571428569,0.06172839506172827,0.9207317286430805,0.03450714150558274,0.0747196575354178
2006-07-10,0.009999999999999787,0.04999999999999993,7447.4578,0.03571428571428495,0.3086419753086407,0.9214199116596563,0.010156745057976552,0.07475996207929866
2006-07-12,0.04999999999999982,0.040000000000000036,7451.166,0.1785714285714279,0.24691358024691307,0.9218787003373734,0.040647209009584136,0.07492126052774939
2006-07-13,0.040000000000000036,0.050000000000000044,7456.238114285715,0.14285714285714296,0.30864197530864135,0.9225062362325175,0.0406748781407635,0.07508266877433972
2006-07-14,0.040000000000000036,0.050000000000000044,7461.3102285714285,0.14285714285714296,0.30864197530864135,0.9231337721276615,0.04070254727194269,0.07524418681906965
2006-07-17,0.010000000000000675,0.05999999999999994,7476.5265714285715,0.03571428571428812,0.3703703703703689,0.9250163798130937,0.012235666399644872,0.07529274105081427
2006-07-18,0.040000000000000036,0.07999999999999996,7481.598685714285,0.14285714285714296,0.49382716049382547,0.9256439157082377,0.06530115807465504,0.0755518726304756
2006-07-19,0.02999999999999936,0.029999999999999916,7486.6708,0.10714285714285485,0.18518518518518412,0.9262714516033818,0.018378401817526917,0.07562480279641816
2006-07-20,0.019999999999999574,0.029999999999999916,7487.993985714285,0.0714285714285699,0.18518518518518412,0.9264351597702096,0.012254433330293444,0.0756734315001098
2006-07-21,0.02999999999999936,0.039999999999999925,7489.317171428572,0.10714285714285485,0.2469135802469124,0.9265988679370377,0.024513197564471255,0.0757707060936196
2006-07-24,0.009999999999999787,0.010000000000000009,7493.286728571428,0.03571428571428495,0.06172839506172827,0.9270899924375214,0.0020438491896770275,0.07577881660627706
2006-07-25,0.0,0.010000000000000009,7494.609914285715,0.0,0.06172839506172827,0.9272537006043494,0.0,0.07577881660627706
2006-07-26,0.009999999999999787,0.020000000000000018,7495.9331,0.03571428571428495,0.12345679012345653,0.9274174087711774,0.0040891420139821675,0.0757950433603008
2006-07-27,0.03999999999999915,0.040000000000000036,7497.158114285715,0.1428571428571398,0.24691358024691307,0.9275689708995221,0.03271848221867726,0.0759248786072003
2006-07-28,0.02999999999999936,0.020000000000000018,7498.383128571429,0.10714285714285485,0.12345679012345653,0.9277205330278666,0.01227143562206144,0.07597357478030373
2006-07-31,0.0699999999999994,0.020000000000000018,7502.058171428572,0.2499999999999978,0.12345679012345653,0.9281752194129005,0.028647383315212667,0.07608725487282442
2006-08-01,0.0,0.010000000000000009,7503.2831857142855,0.0,0.06172839506172827,0.928326781541245,0.0,0.07608725487282442
2006-08-02,0.009999999999999787,0.020000000000000018,7504.5082,0.03571428571428495,0.12345679012345653,0.9284783436695897,0.004093819857449594,0.07610350018971906
2006-08-03,0.009999999999999787,0.020000000000000018,7502.964585714286,0.03571428571428495,0.12345679012345653,0.9282873634751427,0.00409297779310018,0.07611974216508852
2006-08-04,0.009999999999999787,0.010000000000000009,7501.420971428572,0.03571428571428495,0.06172839506172827,0.9280963832806958,0.0020460678643753837,0.07612786148201064
2006-08-07,0.009999999999999787,0.04999999999999999,7496.790128571429,0.03571428571428495,0.308641975308641,0.9275234426973549,0.010224023839256306,0.07616843300518229
2006-08-08,0.009999999999999787,0.0,7495.2465142857145,0.03571428571428495,0.0,0.927332462502908,0.0,0.07616843300518229
2006-08-09,0.0,0.03999999999999998,7493.7029,0.0,0.24691358024691273,0.927141482308461,0.0,0.07616843300518229
2006-08-10,0.009999999999999787,0.020000000000000018,7498.121842857143,0.03571428571428495,0.12345679012345653,0.9276882060424387,0.004090336005478029,0.07618466449726752
2006-08-11,0.009999999999999787,0.08000000000000002,7502.540785714286,0.03571428571428495,0.4938271604938258,0.9282349297764165,0.01637098641580942,0.07624962872907629
2006-08-14,0.009999999999999787,0.020000000000000018,7515.797614285714,0.03571428571428495,0.12345679012345653,0.9298751009783497,0.004099978399375343,0.07626589848462936
2006-08-15,0.0,0.019999999999999962,7520.216557142858,0.0,0.1234567901234562,0.9304218247123275,0.0,0.07626589848462936
2006-08-16,0.07000000000000028,0.009999999999999953,7524.6355,0.250000000000001,0.06172839506172793,0.9309685484463052,0.014366798587134287,0.07632290959013387
2006-08-17,0.040000000000000036,0.04999999999999999,7528.1542,0.14285714285714296,0.308641975308641,0.9314038916641153,0.04106719099048117,0.07648587463374688
2006-08-18,0.009999999999999787,0.030000000000000027,7531.6729000000005,0.03571428571428495,0.18518518518518481,0.9318392348819254,0.0061629579026580925,0.0765103308159003
2006-08-21,0.07000000000000028,0.010000000000000009,7542.229,0.250000000000001,0.06172839506172827,0.9331452645353556,0.014400389884804899,0.07656747522020507
2006-08-22,0.040000000000000036,0.030000000000000027,7545.747700000001,0.14285714285714296,0.18518518518518481,0.9335806077531658,0.024697899676009646,0.07666548275860194
2006-08-23,0.0,0.02999999999999997,7549.2664,0.0,0.18518518518518445,0.9340159509709758,0.0,0.07666548275860194
2006-08-24,0.0,0.010000000000000009,7547.799528571429,0.0,0.06172839506172827,0.9338344656133641,0.0,0.07666548275860194
2006-08-25,0.0,0.010000000000000009,7546.332657142858,0.0,0.06172839506172827,0.9336529802557526,0.0,0.07666548275860194
2006-08-29,0.019999999999999574,0.030000000000000027,7540.465171428572,0.0714285714285699,0.18518518518518481,0.9329270388253061,0.012340304746366194,0.07671445222188117
2006-08-30,0.0,0.03999999999999998,7538.9983,0.0,0.24691358024691273,0.9327455534676945,0.0,0.07671445222188117
2006-08-31,0.05999999999999961,0.03999999999999998,7538.759528571429,0.21428571428571286,0.24691358024691273,0.9327160120114648,0.04935005354557965,0.07691028576769696
2006-09-01,0.0,0.08000000000000002,7538.520757142857,0.0,0.4938271604938258,0.9326864705552351,0.0,0.07691028576769696
2006-09-05,0.04999999999999982,0.06,7537.5656714285715,0.1785714285714279,0.37037037037036924,0.9325683047303164,0.061677797931898815,0.07715503893409338
2006-09-06,0.040000000000000036,0.07000000000000006,7537.3269,0.14285714285714296,0.43209876543209785,0.9325387632740867,0.05756412118975836,0.0773834679864337
2006-09-07,0.019999999999999574,0.07000000000000006,7533.4085000000005,0.0714285714285699,0.43209876543209785,0.9320539680756705,0.028767097780112612,0.07749762313635478
2006-09-08,0.019999999999999574,0.08999999999999997,7529.4901,0.0714285714285699,0.5555555555555537,0.9315691728772544,0.0369670306697314,0.0776443177025045
2006-09-12,0.020000000000000462,0.08999999999999997,7513.8165,0.07142857142857308,0.5555555555555537,0.9296299920835895,0.036890079050936816,0.07779070690508759
2006-09-13,0.02999999999999936,0.04999999999999993,7509.8981,0.10714285714285485,0.3086419753086407,0.9291451968851734,0.030725700955196743,0.07791263428983043
2006-09-14,0.02999999999999936,0.019999999999999907,7514.857271428572,0.10714285714285485,0.12345679012345585,0.9297587591801648,0.012298396285451558,0.07796143744969333
2006-09-15,0.019999999999999574,0.029999999999999916,7519.816442857143,0.0714285714285699,0.18518518518518412,0.9303723214751561,0.012306512188824482,0.078010272815522
2006-09-18,0.02999999999999936,0.010000000000000009,7534.6939571428575,0.10714285714285485,0.06172839506172827,0.9322130083601303,0.006165429949471616,0.07803473880738498
2006-09-19,0.04999999999999982,0.040000000000000036,7539.653128571428,0.1785714285714279,0.24691358024691307,0.9328265706551215,0.041129919341054505,0.07819795277302409
2006-09-20,0.019999999999999574,0.020000000000000018,7544.6123,0.0714285714285699,0.12345679012345653,0.933440132950113,0.008231394470459357,0.07823061703679575
2006-09-21,0.009999999999999787,0.030000000000000027,7541.639328571428,0.03571428571428495,0.18518518518518481,0.9330723087684062,0.006171113153230055,0.0782551055810546
2006-09-22,0.019999999999999574,0.009999999999999898,7538.666357142857,0.0714285714285699,0.06172839506172758,0.9327044845866994,0.004112453635743682,0.07827142484151389
2006-09-25,0.0699999999999994,0.040000000000000036,7529.747442857142,0.2499999999999978,0.24691358024691307,0.9316010120415789,0.05750623531120795,0.07849962418798694
2006-09-26,0.009999999999999787,0.030000000000000027,7526.774471428571,0.03571428571428495,0.18518518518518481,0.9312331878598721,0.00615894965515774,0.07852406446439629
2006-09-27,0.03000000000000025,0.030000000000000027,7523.8015,0.10714285714285803,0.18518518518518481,0.9308653636781653,0.01846955086663038,0.07859735633291466
2006-09-28,0.010000000000000675,0.020000000000000018,7544.876842857143,0.03571428571428812,0.12345679012345653,0.9334728629181913,0.004115841547258608,0.07861368903746728
2006-09-29,0.07000000000000028,0.030000000000000027,7565.952185714285,0.250000000000001,0.18518518518518481,0.9360803621582172,0.04333705380362125,0.07878566147319593
2006-10-02,0.03000000000000025,0.0,7629.178214285715,0.10714285714285803,0.0,0.9439028598782953,0.0,0.07878566147319593
2006-10-03,0.03000000000000025,0.010000000000000009,7650.253557142857,0.10714285714285803,0.06172839506172827,0.9465103591183212,0.006259989147607983,0.07881050269997215
2006-10-04,0.10999999999999943,0.040000000000000036,7671.3289,0.3928571428571408,0.24691358024691307,0.9491178583583473,0.09206610618996246,0.07917584439120216
2006-10-05,0.10999999999999943,0.05999999999999994,7675.340314285715,0.3928571428571408,0.3703703703703689,0.9496141615393835,0.13817137271075558,0.07972414348926071
2006-10-06,0.1200000000000001,0.04999999999999993,7679.351728571429,0.42857142857142894,0.3086419753086407,0.9501104647204197,0.1256759873968805,0.08022285772496263
2006-10-10,0.04999999999999982,0.08999999999999997,7695.3973857142855,0.1785714285714279,0.5555555555555537,0.9520956774445646,0.09445393625442042,0.08059767493232144
2006-10-11,0.03000000000000025,0.08999999999999997,7699.4088,0.10714285714285803,0.5555555555555537,0.9525919806256009,0.056701903608667,0.08082268248632409
2006-10-12,0.03000000000000025,0.12000000000000005,7699.916442857143,0.10714285714285803,0.7407407407407389,0.9526547875926418,0.07560752282481327,0.0811227123388035
2006-10-13,0.009999999999999787,0.10000000000000003,7700.424085714286,0.03571428571428495,0.6172839506172824,0.9527175945596827,0.021003474306870808,0.08120605945906886
2006-10-17,0.040000000000000036,0.09000000000000002,7702.454657142857,0.14285714285714296,0.555555555555554,0.9529688224278464,0.0756324462244321,0.08150618821392772
2006-10-18,0.020000000000000462,0.07,7702.9623,0.07142857142857308,0.4320987654320975,0.9530316293948873,0.029414556462805757,0.08162291264433567
2006-10-19,0.009999999999999787,0.03999999999999998,7703.3668,0.03571428571428495,0.24691358024691273,0.9530816752446625,0.008404600310799284,0.08165626423287059
2006-10-20,0.040000000000000036,0.030000000000000027,7703.7713,0.14285714285714296,0.18518518518518481,0.9531317210944378,0.025215124896678216,0.08175632425230185
2006-10-23,0.009999999999999787,0.019999999999999962,7704.9848,0.03571428571428495,0.1234567901234562,0.9532818586437636,0.004203182798252816,0.08177300354912032
2006-10-24,0.020000000000000462,0.02999999999999997,7705.389300000001,0.07142857142857308,0.18518518518518445,0.9533319044935389,0.012610210376898903,0.08182304406648896
2006-10-25,0.009999999999999787,0.019999999999999962,7705.7938,0.03571428571428495,0.1234567901234562,0.9533819503433141,0.004203624119679405,0.08183972511458293
2006-10-26,0.019999999999999574,0.010000000000000009,7710.6260142857145,0.0714285714285699,0.06172839506172827,0.953979805152275,0.004206260163810638,0.08185641662316948
2006-10-27,0.019999999999999574,0.019999999999999962,7715.458228571429,0.0714285714285699,0.1234567901234562,0.9545776599612359,0.008417792415883694,0.08188982056132775
2006-10-30,0.009999999999999787,0.010000000000000009,7729.954871428572,0.03571428571428495,0.06172839506172827,0.9563712243881186,0.0021084021701677606,0.08189818723660619
2006-10-31,0.07999999999999918,0.03999999999999998,7734.787085714286,0.28571428571428276,0.24691358024691273,0.9569690791970795,0.06751104615146852,0.08216608821339773
2006-11-01,0.0,0.03999999999999998,7739.6193,0.0,0.24691358024691273,0.9575669340060404,0.0,0.08216608821339773
2006-11-02,0.010000000000000675,0.03999999999999998,7736.827628571429,0.03571428571428812,0.24691358024691273,0.9572215407577433,0.0084411070613563,0.08219958466999042
2006-11-03,0.019999999999999574,0.009999999999999953,7734.035957142857,0.0714285714285699,0.06172839506172793,0.9568761475094463,0.004219030632757578,0.08221632685504104
2006-11-06,0.009999999999999787,0.019999999999999962,7725.660942857143,0.03571428571428495,0.1234567901234562,0.9558399677645552,0.004214461938997046,0.08223305091035453
2006-11-07,0.0,0.010000000000000009,7722.869271428571,0.0,0.06172839506172827,0.9554945745162581,0.0,0.08223305091035453
2006-11-08,0.03000000000000025,0.02999999999999997,7720.0776,0.10714285714285803,0.18518518518518445,0.9551491812679611,0.01895137264420566,0.08230825477005375
2006-11-09,0.019999999999999574,0.010000000000000009,7722.0248571428565,0.0714285714285699,0.06172839506172827,0.9553901012641174,0.0042124784006353395,0.08232497095418326
2006-11-10,0.019999999999999574,0.009999999999999953,7723.972114285714,0.0714285714285699,0.06172839506172793,0.9556310212602737,0.004213540658113959,0.08234169135362021
2006-11-13,0.04999999999999982,0.010000000000000009,7729.813885714286,0.1785714285714279,0.06172839506172827,0.9563537812487426,0.010541818576374968,0.08238352396701852
2006-11-14,0.019999999999999574,0.010000000000000009,7731.761142857144,0.0714285714285699,0.06172839506172827,0.9565947012448989,0.004217789688028556,0.0824002612276853
2006-11-15,0.05999999999999961,0.009999999999999953,7733.7084,0.21428571428571286,0.06172839506172793,0.9568356212410551,0.012656555836521713,0.082450485655608
2006-11-16,0.019999999999999574,0.0,7738.816328571429,0.0714285714285699,0.0,0.9574675881778869,0.0,0.082450485655608
2006-11-17,0.03000000000000025,0.019999999999999962,7743.924257142858,0.10714285714285803,0.1234567901234562,0.9580995551147186,0.012673274538554522,0.0825007764275864
2006-11-20,0.040000000000000036,0.010000000000000009,7759.2480428571425,0.14285714285714296,0.06172839506172827,0.9599954559252137,0.008465568394402226,0.08253436995296101
2006-11-21,0.040000000000000036,0.010000000000000009,7764.355971428571,0.14285714285714296,0.06172839506172827,0.9606274228620454,0.008471141295079754,0.08256798559302085
2006-11-22,0.05999999999999961,0.040000000000000036,7769.4639,0.21428571428571286,0.24691358024691307,0.9612593897988772,0.05086028517454332,0.08276981212149126
2006-11-24,0.040000000000000036,0.040000000000000036,7772.885585714285,0.14285714285714296,0.24691358024691307,0.9616827301430929,0.03392178942303674,0.0829044223969795
2006-11-27,0.0600000000000005,0.030000000000000027,7778.018114285715,0.21428571428571605,0.18518518518518481,0.9623177406594166,0.038187211930929464,0.08305595895226096
2006-11-28,0.019999999999999574,0.030000000000000027,7779.728957142857,0.0714285714285699,0.18518518518518481,0.9625294108315244,0.012731870513644205,0.08310648224795003
2006-11-29,0.019999999999999574,0.010000000000000009,7781.4398,0.0714285714285699,0.06172839506172827,0.9627410810036323,0.004244890127881877,0.0831233270500448
2006-12-01,0.02999999999999936,0.009999999999999953,7785.712171428571,0.10714285714285485,0.06172839506172793,0.9632696705183378,0.0063708311542216255,0.08314860812605361
2006-12-04,0.040000000000000036,0.019999999999999962,7792.120728571429,0.14285714285714296,0.1234567901234562,0.964062554790396,0.017002866927520146,0.08321607982021044
2006-12-05,0.09999999999999964,0.02999999999999997,7794.256914285715,0.3571428571428558,0.18518518518518445,0.9643268495477487,0.06377823079019454,0.08346916803763185
2006-12-06,0.04999999999999982,0.02999999999999997,7796.3931,0.1785714285714279,0.18518518518518445,0.9645911443051015,0.03189785530109438,0.0835957468285092
2006-12-07,0.019999999999999574,0.030000000000000027,7796.731614285714,0.0714285714285699,0.18518518518518481,0.9646330262212687,0.012759696114037647,0.08364638054324745
2006-12-08,0.019999999999999574,0.050000000000000044,7797.0701285714285,0.0714285714285699,0.30864197530864135,0.9646749081374358,0.021267083512729566,0.08373077373179003
2006-12-11,0.03000000000000025,0.08000000000000007,7798.085671428572,0.10714285714285803,0.49382716049382613,0.9648005538859376,0.051047648353753625,0.08393334376493984
2006-12-12,0.019999999999999574,0.06000000000000005,7798.424185714286,0.0714285714285699,0.37037037037036963,0.9648424358021047,0.025524932164076246,0.08403463317828935
2006-12-13,0.019999999999999574,0.050000000000000044,7798.7627,0.0714285714285699,0.30864197530864135,0.9648843177182719,0.021271700126063695,0.08411904468672611
2006-12-14,0.040000000000000036,0.030000000000000027,7809.5343,0.14285714285714296,0.18518518518518481,0.9662170096229422,0.025561296550871457,0.08422047840319782
2006-12-15,0.019999999999999574,0.05999999999999994,7820.3059,0.0714285714285699,0.3703703703703689,0.9675497015276124,0.025596552950465288,0.08432205202601713
2006-12-18,0.020000000000000462,0.020000000000000018,7852.6206999999995,0.07142857142857308,0.12345679012345653,0.971547777241623,0.00856744071641661,0.08435604980663783
2006-12-19,0.08000000000000007,0.020000000000000018,7863.3922999999995,0.2857142857142859,0.12345679012345653,0.9728804691462932,0.03431677139845826,0.08449222747091742
2006-12-20,0.009999999999999787,0.010000000000000009,7874.1639,0.03571428571428495,0.06172839506172827,0.9742131610509634,0.002147736245703132,0.08450075023379719
2006-12-21,0.019999999999999574,0.0,7874.5971,0.0714285714285699,0.0,0.9742667577434793,0.0,0.08450075023379719
2006-12-22,0.02999999999999936,0.07999999999999996,7875.030299999999,0.10714285714285485,0.49382716049382547,0.9743203544359951,0.05155134150454872,0.08470531904929143
2006-12-27,0.07000000000000028,0.020000000000000018,7877.1963,0.250000000000001,0.12345679012345653,0.974588337898574,0.03007988697217827,0.0848246836801334
2006-12-28,0.009999999999999787,0.040000000000000036,7874.334371428571,0.03571428571428495,0.24691358024691307,0.9742342522438071,0.00859113097216741,0.0848587754697055
2006-12-29,0.07000000000000028,0.030000000000000027,7871.472442857143,0.250000000000001,0.18518518518518481,0.9738801665890402,0.0450870447494927,0.08503769231394952
2007-01-03,0.11000000000000032,0.07,7857.1628,0.39285714285714396,0.4320987654320975,0.9721097383152056,0.16501862841770465,0.0856925281410039
2007-01-04,0.07000000000000028,0.03999999999999998,7859.232514285714,0.250000000000001,0.24691358024691273,0.9723658090450463,0.06002258080524981,0.08593071298546918
2007-01-05,0.040000000000000036,0.02999999999999997,7861.302228571429,0.14285714285714296,0.18518518518518445,0.972621879774887,0.025730737560182113,0.08603281908689848
2007-01-09,0.009999999999999787,0.010000000000000009,7869.581085714286,0.03571428571428495,0.06172839506172827,0.9736461626942498,0.002146486249325897,0.08604133688947517
2007-01-10,0.04999999999999982,0.03999999999999998,7871.6508,0.1785714285714279,0.24691358024691273,0.9739022334240904,0.042941015583072464,0.08621173774496356
2007-01-11,0.05999999999999961,0.07,7873.421600000001,0.21428571428571286,0.4320987654320975,0.9741213216584094,0.09019641867207409,0.08656966004128132
2007-01-12,0.009999999999999787,0.03999999999999998,7875.1924,0.03571428571428495,0.24691358024691273,0.9743404098927283,0.008592067106637602,0.08660375554567273
2007-01-16,0.010000000000000675,0.02999999999999997,7882.2756,0.03571428571428812,0.18518518518518445,0.975216762830004,0.006449846315013663,0.08662935017390691
2007-01-17,0.03000000000000025,0.030000000000000027,7884.0464,0.10714285714285803,0.18518518518518481,0.9754358510643231,0.019353885933816053,0.0867061513085649
2007-01-18,0.010000000000000675,0.010000000000000009,7885.635442857143,0.03571428571428812,0.06172839506172827,0.9756324518062638,0.00215086519357656,0.0867146864879045
2007-01-19,0.03000000000000025,0.050000000000000044,7887.224485714286,0.10714285714285803,0.30864197530864135,0.9758290525482044,0.03226947925093289,0.0868427399769955
2007-01-23,0.02999999999999936,0.030000000000000027,7893.5806571428575,0.10714285714285485,0.18518518518518481,0.9766154555159672,0.019377290784046514,0.08691963398804331
2007-01-24,0.019999999999999574,0.010000000000000009,7895.1697,0.0714285714285699,0.06172839506172827,0.9768120562579079,0.004306931464981856,0.08693672498592023
2007-01-25,0.05999999999999961,0.020000000000000018,7897.478385714286,0.21428571428571286,0.12345679012345653,0.9770976931885269,0.025849145322447576,0.087039300959422
2007-01-26,0.009999999999999787,0.010000000000000009,7899.787071428572,0.03571428571428495,0.06172839506172827,0.977383330119146,0.0021547251545836047,0.08704785145606718
2007-01-29,0.009999999999999787,0.010000000000000009,7906.713128571429,0.03571428571428495,0.06172839506172827,0.9782402409110033,0.00215661428772262,0.08705640944927243
2007-01-30,0.07999999999999918,0.010000000000000009,7909.021814285715,0.28571428571428276,0.06172839506172827,0.9785258778416224,0.017257951990151857,0.08712489338574128
2007-01-31,0.07000000000000028,0.010000000000000009,7911.3305,0.250000000000001,0.06172839506172827,0.9788115147722414,0.015105115968707459,0.08718483432212504
2007-02-01,0.03000000000000025,0.010000000000000009,7910.982157142857,0.10714285714285803,0.06172839506172827,0.9787684168382517,0.006473336090200117,0.08721052216375282
2007-02-02,0.019999999999999574,0.010000000000000009,7910.633814285714,0.0714285714285699,0.06172839506172827,0.9787253189042618,0.00431536736730264,0.08722764663743258
2007-02-05,0.08000000000000007,0.009999999999999953,7909.588785714286,0.2857142857142859,0.06172839506172793,0.9785960251022927,0.01725918915524314,0.08729613548328673
2007-02-06,0.04999999999999982,0.010000000000000009,7909.240442857143,0.1785714285714279,0.06172839506172827,0.9785529271683028,0.010786518156617032,0.08733893912676537
2007-02-07,0.009999999999999787,0.02999999999999997,7908.8921,0.03571428571428495,0.18518518518518445,0.9785098292343131,0.006471625854724128,0.08736462018174443
2007-02-08,0.009999999999999787,0.02999999999999997,7911.8952714285715,0.03571428571428495,0.18518518518518445,0.9788813898428759,0.006474083266156422,0.08739031098835616
2007-02-09,0.009999999999999787,0.009999999999999953,7914.898442857143,0.03571428571428495,0.06172839506172793,0.9792529504514386,0.002158846892529564,0.0873988778411043
2007-02-12,0.04999999999999982,0.020000000000000018,7923.907957142857,0.1785714285714279,0.12345679012345653,0.9803676322771266,0.02161304303961907,0.08748464388491231
2007-02-13,0.009999999999999787,0.019999999999999962,7926.911128571429,0.03571428571428495,0.1234567901234562,0.9807391928856894,0.004324246882211921,0.08750180359476235
2007-02-14,0.019999999999999574,0.0,7929.9143,0.0714285714285699,0.0,0.9811107534942521,0.0,0.08750180359476235
2007-02-15,0.040000000000000036,0.0,7931.7713,0.14285714285714296,0.0,0.981340506629067,0.0,0.08750180359476235
2007-02-16,0.009999999999999787,0.020000000000000018,7933.6283,0.03571428571428495,0.12345679012345653,0.981570259763882,0.004327911198253346,0.08751897784554907
2007-02-20,0.020000000000000462,0.020000000000000018,7941.0563,0.07142857142857308,0.12345679012345653,0.9824892723031418,0.00866392656351995,0.08755335850651542
2007-02-21,0.009999999999999787,0.020000000000000018,7942.9133,0.03571428571428495,0.12345679012345653,0.9827190254379566,0.004332976302636391,0.08757055285692271
2007-02-22,0.019999999999999574,0.020000000000000018,7945.535042857143,0.0714285714285699,0.12345679012345653,0.9830433946571852,0.008668813004031412,0.087604952908526
2007-02-23,0.0,0.010000000000000009,7948.156785714286,0.0,0.06172839506172827,0.9833677638764137,0.0,0.087604952908526
2007-02-27,0.009999999999999787,0.06,7958.643757142858,0.03571428571428495,0.37037037037036924,0.9846652407533275,0.013024672496736818,0.08765663811684639
2007-02-28,0.16999999999999993,0.020000000000000018,7961.2655,0.6071428571428569,0.12345679012345653,0.9849896099725559,0.07383079087095859,0.0879496174456994
2007-03-01,0.0699999999999994,0.03999999999999998,7958.5733,0.2499999999999978,0.24691358024691273,0.9846565236023088,0.06078126688903067,0.0881908129492273
2007-03-02,0.009999999999999787,0.06,7955.8811000000005,0.03571428571428495,0.37037037037036924,0.9843234372320618,0.013020151286138065,0.08824248021623579
2007-03-05,0.14000000000000057,0.04999999999999999,7947.8045,0.500000000000002,0.308641975308641,0.9833241781213207,0.15174755835205578,0.08884465306683918
2007-03-06,0.08999999999999986,0.020000000000000018,7945.112300000001,0.3214285714285709,0.12345679012345653,0.9829910917510736,0.039007583005994835,0.08899944506289471
2007-03-07,0.009999999999999787,0.02999999999999997,7942.4201,0.03571428571428495,0.18518518518518445,0.9826580053808265,0.006499060882148158,0.08902523498703022
2007-03-08,0.009999999999999787,0.040000000000000036,7929.678728571429,0.03571428571428495,0.24691358024691307,0.9810816079508019,0.008651513297625917,0.08905956638900492
2007-03-09,0.009999999999999787,0.010000000000000009,7916.937357142857,0.03571428571428495,0.06172839506172827,0.9795052105207771,0.0021594030214302337,0.08906813544861376
2007-03-12,0.009999999999999787,0.040000000000000036,7878.713242857143,0.03571428571428495,0.24691358024691307,0.9747760182307031,0.008595908450005999,0.08910224619643124
2007-03-13,0.009999999999999787,0.06,7865.971871428571,0.03571428571428495,0.37037037037036924,0.9731996208006785,0.012873010857151517,0.08915332957284851
2007-03-14,0.02999999999999936,0.06,7853.2305,0.10714285714285485,0.37037037037036924,0.9716232233706538,0.03855647711788214,0.08930633146617344
2007-03-15,0.04999999999999982,0.04999999999999999,7855.025514285714,0.1785714285714279,0.308641975308641,0.9718453074628349,0.05356290274817175,0.08951888266755507
2007-03-16,0.009999999999999787,0.07,7856.820528571428,0.03571428571428495,0.4320987654320975,0.9720673915550162,0.015001039993132601,0.08957841060403576
2007-03-19,0.009999999999999787,0.019999999999999962,7862.205571428572,0.03571428571428495,0.1234567901234562,0.9727336438315598,0.004288949046876253,0.08959543024311067
2007-03-20,0.03000000000000025,0.020000000000000018,7864.000585714286,0.10714285714285803,0.12345679012345653,0.972955727923741,0.012869784760896123,0.08964650081755868
2007-03-21,0.009999999999999787,0.010000000000000009,7865.7956,0.03571428571428495,0.06172839506172827,0.9731778120159221,0.0021454537301937816,0.08965501452283722
2007-03-22,0.019999999999999574,0.010000000000000009,7870.0496,0.0714285714285699,0.06172839506172827,0.9737041285670814,0.004293228080101669,0.08967205114220271
2007-03-23,0.009999999999999787,0.040000000000000036,7874.3036,0.03571428571428495,0.24691358024691307,0.9742304451182406,0.00859109739963155,0.08970614279855045
2007-03-26,0.020000000000000462,0.0,7887.0656,0.07142857142857308,0.0,0.9758093947717185,0.0,0.08970614279855045
2007-03-27,0.019999999999999574,0.010000000000000009,7891.3196,0.0714285714285699,0.06172839506172827,0.9763357113228777,0.004304831178672199,0.08972322546195788
2007-03-28,0.02999999999999936,0.010000000000000009,7895.5736,0.10714285714285485,0.06172839506172827,0.976862027874037,0.006460727697579457,0.0897488632702816
2007-03-29,0.04999999999999982,0.010000000000000009,7900.4971428571425,0.1785714285714279,0.06172839506172827,0.9774711821044215,0.010774594158999293,0.08979161959630938
2007-03-30,0.05999999999999961,0.040000000000000036,7905.420685714285,0.21428571428571286,0.24691358024691307,0.9780803363348062,0.05175028234575649,0.08999697785958619
2007-04-02,0.019999999999999574,0.020000000000000018,7920.191314285715,0.0714285714285699,0.12345679012345653,0.9799077990259603,0.008641162248905973,0.09003126818597074
2007-04-03,0.08999999999999986,0.020000000000000018,7925.1148571428575,0.3214285714285709,0.12345679012345653,0.9805169532563449,0.03890940290699767,0.09018567057845882
2007-04-04,0.08999999999999986,0.0,7930.0384,0.3214285714285709,0.0,0.9811261074867296,0.0,0.09018567057845882
2007-04-05,0.0,0.010000000000000009,7932.6199428571435,0.0,0.06172839506172827,0.9814455030516663,0.0,0.09018567057845882
2007-04-10,0.040000000000000036,0.02999999999999997,7945.527657142857,0.14285714285714296,0.18518518518518445,0.9830424808763504,0.026006414837998603,0.09028887063733977
2007-04-11,0.05999999999999961,0.030000000000000027,7948.1092,0.21428571428571286,0.18518518518518481,0.9833618764412873,0.039022296684177726,0.09044372102100715
2007-04-12,0.03000000000000025,0.019999999999999962,7948.5536999999995,0.10714285714285803,0.1234567901234562,0.9834168712008053,0.01300815967196837,0.09049534070224512
2007-04-17,0.0699999999999994,0.020000000000000018,7950.7762,0.2499999999999978,0.12345679012345653,0.9836918449983963,0.030360859413530422,0.09061582030309245
2007-04-18,0.05999999999999961,0.03999999999999998,7951.2207,0.21428571428571286,0.24691358024691273,0.9837468397579144,0.05205009734168806,0.09082236830841661
2007-04-19,0.019999999999999574,0.040000000000000036,7952.944371428572,0.0714285714285699,0.24691358024691307,0.9839600971160756,0.01735379359993038,0.0908912325687338
2007-04-20,0.0,0.030000000000000027,7954.668042857143,0.0,0.18518518518518481,0.9841733544742367,0.0,0.0908912325687338
2007-04-23,0.040000000000000036,0.030000000000000027,7959.839057142857,0.14285714285714296,0.18518518518518481,0.9848131265487201,0.026053257316103674,0.09099461851046436
2007-04-24,0.03000000000000025,0.030000000000000027,7961.562728571428,0.10714285714285803,0.18518518518518481,0.9850263839068812,0.019544174283866813,0.09107217475762257
2007-04-25,0.05999999999999961,0.030000000000000027,7963.2864,0.21428571428571286,0.18518518518518481,0.9852396412650424,0.03909681116131087,0.09122732083365952
2007-04-26,0.009999999999999787,0.030000000000000027,7963.679771428571,0.03571428571428495,0.18518518518518481,0.9852883102574285,0.0065164570784219935,0.09125317979031992
2007-04-27,0.009999999999999787,0.040000000000000036,7964.073142857143,0.03571428571428495,0.24691358024691307,0.9853369792498146,0.008689038617723029,0.09128766010229501
2007-04-30,0.09999999999999964,0.05999999999999994,7965.253257142857,0.3571428571428558,0.3703703703703689,0.9854829862269727,0.1303548923580642,0.09180494142117622
2007-05-01,0.019999999999999574,0.07999999999999996,7965.646628571429,0.0714285714285699,0.49382716049382547,0.9855316552193588,0.034763021348124666,0.09194288991858941
2007-05-02,0.03000000000000025,0.05999999999999994,7966.04,0.10714285714285803,0.3703703703703689,0.9855803242117448,0.03911033032586306,0.09209808964210474
2007-05-03,0.0,0.05999999999999994,7966.680042857143,0.0,0.3703703703703689,0.9856595120700349,0.0,0.09209808964210474
2007-05-04,0.0,0.04999999999999993,7967.320085714286,0.0,0.3086419753086407,0.9857386999283247,0.0,0.09209808964210474
2007-05-08,0.03000000000000025,0.0,7969.880257142857,0.10714285714285803,0.0,0.9860554513614846,0.0,0.09209808964210474
2007-05-09,0.03000000000000025,0.030000000000000027,7970.5203,0.10714285714285803,0.18518518518518481,0.9861346392197747,0.019566163476582955,0.09217573314796419
2007-05-10,0.009999999999999787,0.030000000000000027,7971.9519,0.03571428571428495,0.18518518518518481,0.9863117606994737,0.006523225930551922,0.09220161896514892
2007-05-11,0.02999999999999936,0.030000000000000027,7973.3835,0.10714285714285485,0.18518518518518481,0.9864888821791727,0.01957319210672916,0.09227929036239785
2007-05-15,0.040000000000000036,0.06000000000000005,7979.1099,0.14285714285714296,0.37037037037036963,0.9871973680979688,0.052232664978728444,0.09248656284247217
2007-05-16,0.019999999999999574,0.12,7980.5415,0.0714285714285699,0.7407407407407385,0.9873744895776678,0.052242036485589616,0.09269387251106578
2007-05-17,0.019999999999999574,0.050000000000000044,7984.290728571429,0.0714285714285699,0.30864197530864135,0.987838354422807,0.021777741499620452,0.09278029212019126
2007-05-18,0.02999999999999936,0.030000000000000027,7988.039957142857,0.10714285714285485,0.18518518518518481,0.9883022192679461,0.019609171017220692,0.09285810629089451
2007-05-21,0.009999999999999787,0.030000000000000027,7999.2876428571435,0.03571428571428495,0.18518518518518481,0.9896938138033637,0.006545594006635851,0.09288408087028592
2007-05-22,0.019999999999999574,0.09000000000000008,8003.036871428571,0.0714285714285699,0.5555555555555544,0.9901576786485029,0.039291971374939665,0.09304000139161504
2007-05-23,0.009999999999999787,0.15000000000000002,8006.7861,0.03571428571428495,0.9259259259259234,0.9906215434936421,0.03275864892505351,0.09316999603020652
2007-05-24,0.0,0.09000000000000008,8008.975042857143,0.0,0.5555555555555544,0.9908923655094521,0.0,0.09316999603020652
2007-05-25,0.04999999999999982,0.050000000000000044,8011.163985714285,0.1785714285714279,0.30864197530864135,0.9911631875252622,0.05462760072339377,0.09338677222355332
2007-05-29,0.04999999999999982,0.030000000000000027,8019.919757142857,0.1785714285714279,0.18518518518518481,0.9922464755885025,0.032812383452000556,0.09351698009439459
2007-05-30,0.040000000000000036,0.06000000000000005,8022.1087,0.14285714285714296,0.37037037037036963,0.9925172976043126,0.05251414273038685,0.0937253695496739
2007-05-31,0.009999999999999787,0.17000000000000004,8021.181442857142,0.03571428571428495,1.0493827160493798,0.9924025748066008,0.03719321819160451,0.09387296168535487
2007-06-01,0.05999999999999961,0.08999999999999997,8020.254185714286,0.21428571428571286,0.5555555555555537,0.9922878520088889,0.11812950619153322,0.09434172956706731
2007-06-05,0.08999999999999986,0.06000000000000005,8016.5451571428575,0.3214285714285709,0.37037037037036963,0.9918289608180414,0.11807487628786163,0.09481028066344771
2007-06-06,0.019999999999999574,0.039999999999999925,8015.6179,0.0714285714285699,0.2469135802469124,0.9917142380203295,0.017490550935102354,0.09487968761160288
2007-06-07,0.019999999999999574,0.07000000000000006,8017.875771428571,0.0714285714285699,0.43209876543209785,0.9919935880681072,0.03061708605148407,0.09500118398482306
2007-06-08,0.02999999999999936,0.020000000000000018,8020.133642857143,0.10714285714285485,0.12345679012345653,0.9922729381158851,0.013125303414230976,0.09505326852218111
2007-06-11,0.019999999999999574,0.07999999999999996,8026.907257142857,0.0714285714285699,0.49382716049382547,0.9931109882592184,0.035030369956232585,0.09519227792676933
2007-06-12,0.009999999999999787,0.10999999999999999,8029.165128571429,0.03571428571428495,0.6790123456790103,0.9933903383069963,0.024090153706738737,0.09528787377481195
2007-06-13,0.0,0.14,8031.423,0.0,0.864197530864195,0.9936696883547741,0.0,0.09528787377481195
2007-06-14,0.020000000000000462,0.15000000000000002,8038.643685714285,0.07142857142857308,0.9259259259259234,0.9945630514018233,0.06577797959006902,0.09554889750334397
2007-06-15,0.0,0.21000000000000008,8045.864371428572,0.0,1.296296296296293,0.9954564144488728,0.0,0.09554889750334397
2007-06-18,0.02999999999999936,0.08999999999999997,8067.526428571428,0.10714285714285485,0.5555555555555537,0.9981365035900207,0.05941288711845214,0.0957846629284172
2007-06-19,0.07000000000000028,0.06999999999999995,8074.747114285715,0.250000000000001,0.4320987654320972,0.9990298666370702,0.10791989300091812,0.09621291647207163
2007-06-20,0.009999999999999787,0.07999999999999996,8081.9678,0.03571428571428495,0.49382716049382547,0.9999232296841194,0.017635330329525477,0.09628289794163324
2007-06-21,0.0,0.04999999999999993,8082.484885714286,0.0,0.3086419753086407,0.9999872049473533,0.0,0.09628289794163324
2007-06-22,0.019999999999999574,0.16000000000000003,8083.001971428572,0.0714285714285699,0.9876543209876516,1.000051180210587,0.07055034781026898,0.09656285963929304
2007-06-25,0.020000000000000462,0.17999999999999994,8084.553228571429,0.07142857142857308,1.1111111111111074,1.0002431060002883,0.07938437349208793,0.09687787699442037
2007-06-26,0.009999999999999787,0.16999999999999993,8085.070314285715,0.03571428571428495,1.0493827160493792,1.0003070812635222,0.03748946292213284,0.09702664470442883
2007-06-27,0.019999999999999574,0.030000000000000027,8085.5874,0.0714285714285699,0.18518518518518481,1.000371056526756,0.013232421382628739,0.09707915431309005
2007-06-28,0.019999999999999574,0.07000000000000006,8089.302871428572,0.0714285714285699,0.43209876543209785,1.0008307448455658,0.03088983780387476,0.097201733034534
2007-06-29,0.0699999999999994,0.08999999999999997,8093.018342857143,0.2499999999999978,0.5555555555555537,1.0012904331643753,0.13906811571727265,0.09775359063658667
2007-07-02,0.04999999999999982,0.12,8104.1647571428575,0.1785714285714279,0.7407407407407385,1.0026694981208046,0.13262824049216904,0.09827989317822226
2007-07-03,0.019999999999999574,0.12,8107.880228571428,0.0714285714285699,0.7407407407407385,1.0031291864396141,0.05307561833013701,0.09849051071127836
2007-07-05,0.05999999999999961,0.16999999999999993,8111.754985714286,0.21428571428571286,1.0493827160493792,1.0036085820240073,0.2256791784974597,0.0993860630069032
2007-07-06,0.08999999999999986,0.13,8111.914271428571,0.3214285714285709,0.8024691358024668,1.0036282892895907,0.2588723762056472,0.1004133343410526
2007-07-09,0.020000000000000462,0.020000000000000018,8112.392128571429,0.07142857142857308,0.12345679012345653,1.003687411086341,0.008850859004288907,0.10044845679741882
2007-07-10,0.009999999999999787,0.0,8112.551414285714,0.03571428571428495,0.0,1.0037071183519244,0.0,0.10044845679741882
2007-07-12,0.040000000000000036,0.020000000000000018,8114.262071428571,0.14285714285714296,0.12345679012345653,1.0039187655469513,0.017705798334161374,0.10051871790191946
2007-07-13,0.03000000000000025,0.020000000000000018,8115.813442857143,0.10714285714285803,0.12345679012345653,1.004110705476395,0.013281887638576734,0.10057142380524715
2007-07-16,0.08000000000000007,0.010000000000000009,8120.467557142857,0.2857142857142859,0.06172839506172827,1.0046865252647255,0.017719339069924588,0.10064173864282622
2007-07-17,0.020000000000000462,0.010000000000000009,8122.018928571429,0.07142857142857308,0.06172839506172827,1.004878465194169,0.004430681063466446,0.10065932071053839
2007-07-18,0.009999999999999787,0.010000000000000009,8123.5703,0.03571428571428495,0.06172839506172827,1.0050704051236123,0.002215763679725725,0.10066811342355317
2007-07-19,0.0,0.010000000000000009,8127.115885714286,0.0,0.06172839506172827,1.005509074715757,0.0,0.10066811342355317
2007-07-20,0.0,0.0,8130.6614714285715,0.0,0.0,1.0059477443079012,0.0,0.10066811342355317
2007-07-23,0.0,0.040000000000000036,8141.298228571429,0.0,0.24691358024691307,1.0072637530843347,0.0,0.10066811342355317
2007-07-24,0.0,0.06000000000000005,8144.843814285714,0.0,0.37037037037036963,1.007702422676479,0.0,0.10066811342355317
2007-07-25,0.07000000000000028,0.030000000000000027,8148.3894,0.250000000000001,0.18518518518518481,1.0081410922686234,0.04667319871614006,0.10085332452956959
2007-07-26,0.03000000000000025,0.05999999999999994,8148.9211857142855,0.10714285714285803,0.3703703703703689,1.0082068862561877,0.04000820977207111,0.10101208726676035
2007-07-27,0.0,0.10999999999999999,8149.452971428572,0.0,0.6790123456790103,1.008272680243752,0.0,0.10101208726676035
2007-07-30,0.03000000000000025,0.06000000000000005,8151.048328571428,0.10714285714285803,0.37037037037036963,1.008470062206445,0.04001865326216077,0.1011708914463721
2007-07-31,0.0,0.06000000000000005,8151.580114285714,0.0,0.37037037037036963,1.0085358561940094,0.0,0.1011708914463721
2007-08-01,0.04999999999999982,0.09999999999999998,8152.1119,0.1785714285714279,0.617283950617282,1.0086016501815738,0.11117743057556954,0.10161207172643388
2007-08-02,0.009999999999999787,0.030000000000000027,8154.560714285714,0.03571428571428495,0.18518518518518481,1.008904624203503,0.006672649630975392,0.10163855049481077
2007-08-03,0.009999999999999787,0.0,8157.009528571429,0.03571428571428495,0.0,1.009207598225432,0.0,0.10163855049481077
2007-08-06,0.040000000000000036,0.07999999999999996,8164.355971428571,0.14285714285714296,0.49382716049382547,1.0101165202912195,0.07126042471190241,0.10192132995795324
2007-08-07,0.019999999999999574,0.020000000000000018,8166.804785714286,0.0714285714285699,0.12345679012345653,1.0104194943131486,0.008910224817576057,0.10195668799294362
2007-08-08,0.02999999999999936,0.040000000000000036,8169.2536,0.10714285714285485,0.24691358024691307,1.010722468335078,0.026738689638493497,0.10206279390420749
2007-08-09,0.16999999999999993,0.21999999999999997,8173.881257142857,0.6071428571428569,1.3580246913580205,1.011295014773107,0.8338279001876999,0.1053716347779682
2007-08-10,0.5600000000000005,0.4899999999999999,8178.508914285714,2.0000000000000018,3.0246913580246817,1.0118675612111363,6.121174135721675,0.12966200833241928
2007-08-13,0.45999999999999996,0.32999999999999996,8192.391885714285,1.6428571428571426,2.037037037037031,1.0135852005252237,3.392024546731227,0.14312242320040033
2007-08-14,0.8700000000000001,0.45999999999999996,8197.019542857142,3.107142857142857,2.8395061728394975,1.0141577469632528,8.947661603498513,0.17862901686507698
2007-08-15,0.03000000000000025,0.85,8201.6472,0.10714285714285803,5.246913580246898,1.014730293401282,0.570450231078766,0.1808927082582467
2007-08-16,0.29000000000000004,0.9900000000000001,8210.348542857142,1.0357142857142858,6.111111111111094,1.0158068474123365,6.429412387391557,0.20640624947805444
2007-08-17,0.23000000000000043,0.7200000000000002,8219.049885714285,0.8214285714285728,4.444444444444432,1.016883401423391,3.7124314655139634,0.2211381203729511
2007-08-20,0.3200000000000003,1.47,8245.153914285715,1.1428571428571437,9.074074074074048,1.0201130634565545,10.578950287697579,0.2631180818320685
2007-08-21,0.08000000000000007,0.96,8253.855257142857,0.2857142857142859,5.925925925925908,1.021189617467609,1.7289982941250481,0.26997918617383454
2007-08-22,0.14000000000000057,0.5,8262.5566,0.500000000000002,3.086419753086411,1.0222661714786634,1.5775712522818897,0.27623938955590555
2007-08-23,0.03000000000000025,0.10000000000000009,8266.800228571428,0.10714285714285803,0.6172839506172827,1.022791204848225,0.06764492095557086,0.27650782178191974
2007-08-24,0.20000000000000018,0.4700000000000002,8271.043857142857,0.7142857142857149,2.901234567901227,1.0233162382177867,2.1206288887229228,0.28492301578478846
2007-08-28,0.41999999999999993,0.75,8288.018371428572,1.4999999999999996,4.629629629629616,1.0254163716960334,7.120947025666876,0.3131807420771173
2007-08-29,0.11000000000000032,0.26,8292.262,0.39285714285714396,1.6049382716049336,1.025941405065595,0.6468678171268963,0.3157476778593669
2007-08-30,0.11000000000000032,0.1200000000000001,8294.741957142858,0.39285714285714396,0.7407407407407393,1.0262482321672526,0.298643665445497,0.3169327717698649
2007-08-31,0.15000000000000036,0.33000000000000007,8297.221914285714,0.5357142857142869,2.0370370370370314,1.02655505926891,1.1202485765831354,0.32137820262932176
2007-09-04,0.21999999999999975,0.1200000000000001,8307.141742857142,0.7857142857142847,0.7407407407407393,1.0277823676755404,0.5981802139910533,0.32375193363722277
2007-09-05,0.21999999999999975,0.17999999999999994,8309.6217,0.7857142857142847,1.1111111111111074,1.028089194777198,0.8975381859165972,0.3273135931051458
2007-09-06,0.020000000000000462,0.30000000000000004,8314.823557142858,0.07142857142857308,1.8518518518518468,1.028732782814587,0.13607576492256718,0.32785357629928297
2007-09-07,0.09999999999999964,0.050000000000000044,8320.025414285714,0.3571428571428558,0.30864197530864135,1.0293763708519754,0.11346741301278324,0.32830384381123845
2007-09-11,0.07999999999999918,0.34999999999999987,8340.832842857142,0.28571428571428276,2.1604938271604865,1.0319507230015306,0.6370066191367385,0.33083164785543184
2007-09-12,0.3199999999999994,0.29000000000000004,8346.0347,1.1428571428571406,1.7901234567901183,1.0325943110389193,2.1125386257586256,0.3392147376401883
2007-09-13,0.22999999999999954,0.17999999999999994,8346.590414285714,0.8214285714285697,1.1111111111111074,1.0326630655349907,0.9425099407660579,0.342954856452752
2007-09-14,0.3899999999999997,0.010000000000000009,8347.146128571429,1.3928571428571417,0.06172839506172827,1.0327318200310618,0.08879307976457515,0.34330720994388125
2007-09-17,0.15000000000000036,0.29000000000000004,8348.813271428571,0.5357142857142869,1.7901234567901183,1.0329380835192754,0.9905821568141193,0.34723809151854046
2007-09-18,0.16999999999999993,0.020000000000000018,8349.368985714285,0.6071428571428569,0.12345679012345653,1.0330068380153468,0.07742996581243762,0.3475453532876374
2007-09-19,0.5099999999999998,0.3600000000000001,8349.9247,1.8214285714285705,2.222222222222216,1.033075592511418,4.181496445879534,0.36413859315223873
2007-09-20,0.4800000000000004,0.19999999999999996,8353.249842857142,1.7142857142857157,1.234567901234564,1.0334869883084756,2.187274049330102,0.37281825207815183
2007-09-21,0.4900000000000002,0.18999999999999995,8356.574985714286,1.7500000000000007,1.1728395061728358,1.0338983841055334,2.1220445229326472,0.38123906367709093
2007-09-24,0.0,0.1100000000000001,8366.550414285713,0.0,0.6790123456790109,1.0351325714967063,0.0,0.38123906367709093
2007-09-25,0.05000000000000071,0.17999999999999994,8369.875557142857,0.1785714285714311,1.1111111111111074,1.035543967293764,0.20546507287574908,0.3820544012678677
2007-09-26,0.1200000000000001,0.15000000000000013,8373.2007,0.42857142857142894,0.925925925925924,1.0359553630908216,0.41109339805191286,0.3836857242760102
2007-09-27,0.16999999999999993,0.09000000000000008,8371.174414285713,0.6071428571428569,0.5555555555555544,1.0357046654629876,0.3493448276363243,0.3850720132745671
2007-09-28,0.17999999999999972,0.050000000000000044,8369.148128571429,0.6428571428571418,0.30864197530864135,1.0354539678351535,0.20544721584030748,0.3858872800040921
2007-10-01,0.040000000000000036,0.040000000000000036,8363.06927142857,0.14285714285714296,0.24691358024691307,1.0347018749516512,0.03649742063321516,0.3860321110383509
2007-10-02,0.14999999999999947,0.1200000000000001,8361.042985714286,0.5357142857142838,0.7407407407407393,1.0344511773238172,0.4104964989380204,0.3876610653992161
2007-10-03,0.09999999999999964,0.18000000000000016,8359.0167,0.3571428571428558,1.1111111111111087,1.0342004796959832,0.41039701575237186,0.389289624985535
2007-10-04,0.16000000000000014,0.2200000000000002,8364.210742857143,0.5714285714285718,1.3580246913580218,1.0348431009285044,0.803052847281378,0.39247634263347697
2007-10-05,0.1899999999999995,0.15999999999999992,8369.404785714285,0.6785714285714267,0.9876543209876509,1.0354857221610254,0.693976321730489,0.39523021692605825
2007-10-09,0.16999999999999993,0.08999999999999986,8390.180957142857,0.6071428571428569,0.555555555555553,1.03805620709111,0.35013800636009484,0.3966196534592332
2007-10-10,0.25,0.07999999999999985,8395.375,0.8928571428571428,0.4938271604938248,1.038698828323631,0.4579800830351084,0.3984370347411186
2007-10-11,0.019999999999999574,0.15999999999999992,8403.599214285714,0.0714285714285699,0.9876543209876509,1.0397163506787912,0.07334859616781414,0.3987281005989274
2007-10-12,0.019999999999999574,0.2200000000000002,8411.823428571428,0.0714285714285699,1.3580246913580218,1.0407338730339515,0.10095302119376717,0.3991287078258868
2007-10-16,0.07000000000000028,0.21999999999999997,8444.720285714286,0.250000000000001,1.3580246913580205,1.0448039624545928,0.3547173946605102,0.40053631653485705
2007-10-17,0.04999999999999982,0.010000000000000009,8452.9445,0.1785714285714279,0.06172839506172827,1.0458214848097531,0.011528014603282045,0.4005820626245526
2007-10-18,0.05999999999999961,0.29000000000000004,8456.154642857142,0.21428571428571286,1.7901234567901183,1.0462186524912997,0.4013272608762884,0.40217463112009344
2007-10-19,0.019999999999999574,0.27,8459.364785714286,0.0714285714285699,1.6666666666666619,1.0466158201728466,0.12459712144914538,0.40266906414171705
2007-10-22,0.009999999999999787,0.16999999999999993,8468.995214285713,0.03571428571428495,1.0493827160493792,1.0478073232174867,0.039269674811941865,0.4028248961846216
2007-10-23,0.020000000000000462,0.1299999999999999,8472.205357142857,0.07142857142857308,0.8024691358024661,1.0482044908990338,0.06008226799685936,0.4030633178830218
2007-10-24,0.02999999999999936,0.030000000000000027,8475.4155,0.10714285714285485,0.18518518518518481,1.0486016585805804,0.020805588463899915,0.40314587974200555
2007-10-25,0.09000000000000075,0.3500000000000001,8475.425642857143,0.32142857142857406,2.160493827160488,1.048602913482694,0.7281964676963192,0.40603554826460997
2007-10-26,0.03000000000000025,0.2799999999999998,8475.435785714286,0.10714285714285803,1.7283950617283887,1.0486041683848073,0.19418595710829853,0.4068061274594842
2007-10-29,0.09999999999999964,0.1399999999999999,8475.466214285714,0.3571428571428558,0.8641975308641944,1.0486079330911475,0.3236444237935616,0.40809043072850626
2007-10-30,0.08000000000000007,0.1499999999999999,8475.476357142858,0.2857142857142859,0.9259259259259226,1.0486091879932609,0.2774098380934545,0.4091912634193533
2007-10-31,0.20000000000000018,0.27,8475.4865,0.7142857142857149,1.6666666666666619,1.0486104428953744,1.2483457653516337,0.41414501645646296
2007-11-01,0.20999999999999996,0.0,8477.531557142858,0.7499999999999998,0.0,1.048863462975852,0.0,0.41414501645646296
2007-11-02,0.5199999999999996,0.22999999999999998,8479.576614285716,1.8571428571428554,1.4197530864197487,1.0491164830563298,2.7661889632613876,0.42512195678686526
2007-11-05,0.3099999999999996,0.19999999999999996,8485.711785714286,1.1071428571428557,1.234567901234564,1.0498755432977627,1.4350150724087523,0.4308164610424555
2007-11-06,0.3700000000000001,0.18999999999999995,8487.756842857143,1.3214285714285716,1.1728395061728358,1.0501285633782405,1.6275140653767655,0.437274850190776
2007-11-07,0.10999999999999943,0.44999999999999996,8489.8019,0.3928571428571408,2.7777777777777692,1.0503815834587182,1.1462497438537504,0.44182346028543373
2007-11-08,0.2999999999999998,0.42000000000000015,8491.890142857143,1.0714285714285707,2.592592592592586,1.0506399465942504,2.9184442960951307,0.4534045884445414
2007-11-09,0.20999999999999996,0.33999999999999986,8493.978385714287,0.7499999999999998,2.0987654320987583,1.0508983097297828,1.6541917838339113,0.4599688415549934
2007-11-13,0.03000000000000025,0.21999999999999997,8502.331357142857,0.10714285714285803,1.3580246913580205,1.051931762271912,0.15305885429882396,0.4605762179609411
2007-11-14,0.10999999999999943,0.050000000000000044,8504.4196,0.3928571428571408,0.30864197530864135,1.0521901254074442,0.1275803723487853,0.4610824892797855
2007-11-15,0.04999999999999982,0.08999999999999986,8508.409557142857,0.1785714285714279,0.555555555555553,1.052683773851897,0.10443291407260796,0.46149690560547046
2007-11-16,0.019999999999999574,0.06000000000000005,8512.399514285713,0.0714285714285699,0.37037037037036963,1.0531774222963495,0.027861836568685842,0.46160746844899697
2007-11-20,0.03000000000000025,0.3700000000000001,8528.359342857142,0.10714285714285803,2.2839506172839448,1.0551520160741605,0.2582051891186783,0.4626320922153409
2007-11-21,0.009999999999999787,0.43999999999999995,8532.3493,0.03571428571428495,2.716049382716041,1.0556456645186132,0.1023994912672351,0.4630384394029093
2007-11-23,0.04999999999999982,0.26,8535.075328571429,0.1785714285714279,1.6049382716049336,1.0559829362525288,0.302640612241684,0.46423939421339216
2007-11-26,0.1200000000000001,0.33000000000000007,8539.164371428571,0.42857142857142894,2.0370370370370314,1.0564888438534017,0.922331530348206,0.46789943996874217
2007-11-27,0.11000000000000032,0.1499999999999999,8540.527385714286,0.39285714285714396,0.9259259259259226,1.0566574797203594,0.38436614672367536,0.46942470245574086
2007-11-28,0.02999999999999936,0.1100000000000001,8541.8904,0.10714285714285485,0.6790123456790109,1.056826115587317,0.07688549782711782,0.4697298036375945
2007-11-30,0.10000000000000053,0.15999999999999992,8542.9988,0.35714285714285904,0.9876543209876509,1.056963249876293,0.37282654316624164,0.4712092740469843
2007-12-03,0.010000000000000675,0.15999999999999992,8544.6614,0.03571428571428812,0.9876543209876509,1.0571689513097577,0.037289910099112006,0.4713572498807109
2007-12-04,0.04999999999999982,0.16999999999999993,8545.2156,0.1785714285714279,1.0493827160493792,1.0572375184542457,0.1981154961830032,0.4721434224846117
2007-12-05,0.35000000000000053,0.04999999999999982,8545.7698,1.2500000000000018,0.30864197530863996,1.057306085598734,0.40791129845629964,0.47376211811340657
2007-12-06,0.16999999999999993,0.07000000000000028,8547.049142857142,0.6071428571428569,0.43209876543209924,1.0574643694069898,0.2774212080234389,0.4748629959230234
2007-12-07,0.25,0.050000000000000266,8548.328485714286,0.8928571428571428,0.30864197530864274,1.0576226532152462,0.29145245073171533,0.47601955326719686
2007-12-10,0.15000000000000036,0.0,8552.166514285715,0.5357142857142869,0.0,1.0580975046400147,0.0,0.47601955326719686
2007-12-11,0.20000000000000018,0.0900000000000003,8553.445857142859,0.7142857142857149,0.5555555555555558,1.058255788448271,0.4199427731937589,0.47768599284336255
2007-12-12,0.1299999999999999,0.10000000000000009,8554.7252,0.46428571428571386,0.6172839506172827,1.058414072256527,0.30333736638745173,0.47888971255124924
2007-12-13,0.11000000000000032,0.06000000000000005,8558.311371428572,0.39285714285714396,0.37037037037036963,1.0588577632245928,0.15406660576019218,0.47950108797093255
2007-12-14,0.16999999999999993,0.06000000000000005,8561.897542857143,0.6071428571428569,0.37037037037036963,1.0593014541926584,0.238202707953375,0.48044633681201737
2007-12-17,0.02999999999999936,0.21999999999999997,8572.656057142858,0.10714285714285485,1.3580246913580205,1.0606325270968557,0.15432483859874507,0.481058736965187
2007-12-18,0.13999999999999968,0.29000000000000026,8576.24222857143,0.49999999999999883,1.7901234567901199,1.0610762180649214,0.9497287137000798,0.48482750170209205
2007-12-19,0.26000000000000023,0.18999999999999995,8579.8284,0.9285714285714293,1.1728395061728358,1.061519909032987,1.1560644511955342,0.48941505904810606
2007-12-20,0.1299999999999999,0.16000000000000014,8580.82682857143,0.46428571428571386,0.9876543209876523,1.0616434373551058,0.486820623831264,0.49134688692045236
2007-12-21,0.040000000000000036,0.2200000000000002,8581.825257142857,0.14285714285714296,1.3580246913580218,1.0617669656772244,0.20598653655113672,0.4921642938115283
2007-12-24,0.020000000000000018,0.34999999999999987,8584.820542857144,0.07142857142857148,2.1604938271604865,1.0621375506435808,0.16391011584005835,0.4928147307791476
2007-12-27,0.1299999999999999,0.2899999999999998,8588.879271428572,0.46428571428571386,1.790123456790117,1.0626397076778558,0.8831904095999775,0.4963194546267666
2007-12-28,0.27000000000000046,0.31000000000000005,8590.941142857142,0.9642857142857159,1.913580246913575,1.0628948080678933,1.961293991077658,0.5041023672897732
2007-12-31,1.1999999999999997,0.17000000000000015,8597.126757142858,4.285714285714285,1.0493827160493805,1.063660109238006,4.783656575938111,0.5230851314800038
2008-01-03,0.2400000000000002,0.25,8601.0202,0.8571428571428579,1.5432098765432054,1.064141816670236,1.4075949955955476,0.5286708259069702
2008-01-04,0.16999999999999993,0.1299999999999999,8600.7899,0.6071428571428569,0.8024691358024661,1.0641133233223912,0.5184502743700341,0.5307281682655814
2008-01-07,0.15999999999999925,0.05999999999999983,8600.099,0.5714285714285687,0.37037037037036824,1.0640278432788566,0.2251910779426128,0.5316217836542426
2008-01-09,0.08000000000000007,0.19999999999999996,8599.6384,0.2857142857142859,1.234567901234564,1.063970856583167,0.37529836211046363,0.5331110628689667
2008-01-10,0.08000000000000007,0.27,8595.451042857143,0.2857142857142859,1.6666666666666619,1.063452785269133,0.5064060882233955,0.5351206108381071
2008-01-11,0.05000000000000071,0.26,8591.263685714286,0.1785714285714311,1.6049382716049336,1.0629347139550989,0.30463296475785806,0.5363294718093685
2008-01-14,0.019999999999999574,0.41000000000000014,8578.701614285714,0.0714285714285699,2.5308641975308577,1.0613805000129968,0.19187213624573113,0.537090869175423
2008-01-15,0.019999999999999574,0.43000000000000005,8574.514257142857,0.0714285714285699,2.6543209876543137,1.0608624286989627,0.20113352925068032,0.537889018101021
2008-01-16,0.010000000000000675,0.41000000000000003,8570.3269,0.03571428571428812,2.530864197530857,1.0603443573849287,0.09584241325569859,0.5382693451377499
2008-01-17,0.0,0.2899999999999999,8575.522642857142,0.0,1.7901234567901176,1.060987188946114,0.0,0.5382693451377499
2008-01-18,0.0600000000000005,0.1399999999999999,8580.718385714286,0.21428571428571605,0.8641975308641944,1.0616300205072993,0.19659815194579705,0.5390494965343602
2008-01-22,0.5500000000000003,0.5099999999999999,8601.501357142857,1.964285714285715,3.148148148148138,1.06420134675204,6.580874730245731,0.5651640787972401
2008-01-23,0.7399999999999998,0.2799999999999999,8606.6971,2.642857142857142,1.7283950617283894,1.0648441783132252,4.864103036739406,0.5844660749747774
2008-01-24,0.6999999999999997,0.010000000000000009,8606.107214285714,2.4999999999999987,0.06172839506172827,1.0647711960342592,0.1643165425978791,0.5851181247469912
2008-01-25,0.5699999999999998,0.040000000000000036,8605.517328571428,2.035714285714285,0.24691358024691307,1.0646982137552934,0.535165768818797,0.5872417984327801
2008-01-29,0.0,0.4099999999999999,8603.157785714286,0.0,2.5308641975308563,1.0644062846394298,0.0,0.5872417984327801
2008-01-30,0.3400000000000003,0.08999999999999986,8602.5679,1.2142857142857153,0.555555555555553,1.0643333023604638,0.7180026246082467,0.5900910151970986
2008-01-31,0.3799999999999999,0.2699999999999999,8603.748085714285,1.3571428571428565,1.6666666666666612,1.0644793181749608,2.407750838729069,0.5996455820174521
2008-02-01,0.48,0.020000000000000018,8604.928271428571,1.714285714285714,0.12345679012345653,1.0646253339894578,0.22531753100305935,0.6005396992039722
2008-02-04,0.43999999999999995,0.039999999999999925,8608.46882857143,1.5714285714285712,0.2469135802469124,1.0650633814329489,0.4132521056706307,0.602179588512189
2008-02-05,0.5100000000000002,0.010000000000000009,8609.649014285715,1.821428571428572,0.06172839506172827,1.065209397247446,0.11976560683337664,0.6026548488567659
2008-02-06,0.18000000000000016,0.0,8610.8292,0.6428571428571433,0.0,1.065355413061943,0.0,0.6026548488567659
2008-02-07,0.0900000000000003,0.20999999999999996,8613.417485714286,0.32142857142857245,1.2962962962962923,1.065675642871665,0.4440315178631937,0.6044168786895564
2008-02-08,0.07000000000000028,0.13,8616.005771428572,0.250000000000001,0.8024691358024668,1.0659958726813872,0.21385719667990816,0.6052655183589212
2008-02-11,0.06000000000000005,0.10000000000000009,8623.770628571428,0.21428571428571447,0.6172839506172827,1.0669565621105532,0.14113182038499367,0.6058255652652108
2008-02-12,0.11999999999999966,0.20000000000000007,8626.358914285714,0.4285714285714273,1.2345679012345647,1.0672767919202752,0.5646967153017298,0.6080664252465668
2008-02-13,0.029999999999999805,0.2400000000000001,8628.9472,0.10714285714285643,1.4814814814814778,1.0675970217299975,0.16945984471904568,0.6087388849478329
2008-02-14,0.020000000000000018,0.16999999999999993,8633.265385714287,0.07142857142857148,1.0493827160493792,1.0681312795138262,0.08006275022810845,0.6090565942741349
2008-02-15,0.07999999999999963,0.0,8637.583571428571,0.28571428571428437,0.0,1.068665537297655,0.0,0.6090565942741349
2008-02-19,0.08999999999999986,0.020000000000000018,8654.856314285713,0.3214285714285709,0.12345679012345653,1.0708025684329705,0.042492165414006605,0.6092252139781588
2008-02-20,0.029999999999999805,0.040000000000000036,8659.1745,0.10714285714285643,0.24691358024691307,1.0713368262167995,0.028342244079809262,0.6093376832006977
2008-02-21,0.03999999999999959,0.1299999999999999,8660.268142857141,0.14285714285714138,0.8024691358024661,1.071472134711574,0.1228319025683445,0.6098251113854927
2008-02-22,0.0,0.020000000000000018,8661.361785714285,0.0,0.12345679012345653,1.0716074432063487,0.0,0.6098251113854927
2008-02-26,0.1599999999999997,0.16000000000000003,8665.736357142858,0.5714285714285703,0.9876543209876516,1.0721486771854476,0.6050927278648,0.6122262730040038
2008-02-27,0.040000000000000036,0.2599999999999999,8666.83,0.14285714285714296,1.604938271604933,1.0722839856802222,0.24584994380675224,0.6132018680191099
2008-02-28,0.08999999999999986,0.28,8666.041042857143,0.3214285714285709,1.72839506172839,1.0721863737379465,0.5956590965210786,0.6155655945926063
2008-02-29,0.03999999999999959,0.31999999999999995,8665.252085714286,0.14285714285714138,1.9753086419753025,1.0720887617956707,0.3025294565913669,0.6167661083092387
2008-03-03,0.16999999999999993,0.40000000000000013,8662.885214285714,0.6071428571428569,2.4691358024691294,1.0717959259688434,1.6067487426340639,0.6231420953831834
2008-03-04,0.16000000000000014,0.3799999999999999,8662.096257142857,0.5714285714285718,2.3456790123456717,1.0716983140265677,1.4364915673019216,0.6288424587454926
2008-03-05,0.07999999999999963,0.3600000000000001,8661.3073,0.28571428571428437,2.222222222222216,1.071600702084292,0.6803813981487518,0.6315423849286226
2008-03-06,0.019999999999999574,0.40000000000000013,8662.831542857144,0.0714285714285699,2.4691358024691294,1.0717892855924491,0.18902809269707643,0.6322924964075792
2008-03-07,0.04999999999999982,0.27,8664.355785714286,0.1785714285714279,1.6666666666666619,1.0719778691006063,0.3190410324704165,0.6335585322507158
2008-03-10,0.06000000000000005,0.22999999999999998,8668.928514285715,0.21428571428571447,1.4197530864197487,1.0725436196250777,0.3263029530605388,0.6348533852390512
2008-03-11,0.040000000000000036,0.040000000000000036,8670.452757142857,0.14285714285714296,0.24691358024691307,1.072732203133235,0.037838878417398004,0.6350035395184853
2008-03-12,0.010000000000000231,0.10000000000000009,8671.977,0.03571428571428654,0.6172839506172827,1.0729207866413921,0.023653456495622015,0.635097402441087
2008-03-13,0.020000000000000018,0.15000000000000013,8677.976442857143,0.07142857142857148,0.925925925925924,1.0736630541715868,0.07100946125473448,0.6353791860174947
2008-03-14,0.03000000000000025,0.08000000000000007,8683.975885714286,0.10714285714285803,0.49382716049382613,1.0744053217017815,0.05684684241808403,0.635604768725503
2008-03-17,0.28000000000000025,0.08000000000000007,8701.974214285714,1.0000000000000009,0.49382716049382613,1.0766321242923658,0.5316701848357356,0.6377145710462797
2008-03-18,0.8199999999999998,0.20999999999999996,8707.973657142857,2.928571428571428,1.2962962962962923,1.0773743918225605,4.090032413400448,0.6539448584010434
2008-03-19,0.9100000000000001,0.6000000000000001,8713.9731,3.25,3.7037037037036935,1.0781166593527554,12.977330158875723,0.705442200301344
2008-03-20,0.77,0.52,8713.65747142857,2.75,3.2098765432098673,1.0780776089199482,9.516364078737787,0.7432055498201448
2008-03-25,0.19999999999999973,0.25,8712.079328571428,0.7142857142857133,1.5432098765432054,1.0778823567559124,1.1881419276409917,0.747920398739355
2008-03-26,0.21999999999999975,0.6000000000000001,8711.7637,0.7857142857142847,3.7037037037036935,1.0778433063231052,3.1365810501465896,0.7603671489383494
2008-03-27,0.18999999999999995,0.5700000000000001,8706.916314285714,0.6785714285714283,3.5185185185185084,1.0772435744633777,2.5719902802994583,0.7705734595744584
2008-04-01,0.10999999999999988,0.07999999999999985,8682.679385714286,0.39285714285714235,0.4938271604938248,1.0742449151647393,0.20840730276564481,0.7714004726806714
2008-04-02,0.0900000000000003,0.08999999999999986,8677.832,0.32142857142857245,0.555555555555553,1.0736451833050116,0.19172235416160893,0.7721612756733761
2008-04-03,0.10000000000000009,0.06999999999999984,8679.065128571428,0.35714285714285743,0.4320987654320965,1.0737977493550468,0.16570952922145712,0.7728188531702866
2008-04-04,0.16999999999999993,0.010000000000000009,8680.298257142858,0.6071428571428569,0.06172839506172827,1.0739503154050822,0.04024946067435263,0.7729785732523278
2008-04-07,0.06000000000000005,0.050000000000000044,8683.997642857143,0.21428571428571447,0.30864197530864135,1.0744080135551881,0.07105873105523723,0.7732605523438169
2008-04-08,0.040000000000000036,0.020000000000000018,8685.230771428573,0.14285714285714296,0.12345679012345653,1.0745605796052236,0.01895168570732314,0.77333575744583
2008-04-09,0.05999999999999961,0.11999999999999988,8686.4639,0.21428571428571286,0.7407407407407378,1.0747131456552588,0.17058938819924563,0.7740126994624937
2008-04-10,0.040000000000000036,0.10999999999999988,8686.90932857143,0.14285714285714296,0.6790123456790096,1.0747682553001818,0.10425441629895908,0.7744264074636801
2008-04-11,0.11000000000000032,0.14000000000000012,8687.354757142857,0.39285714285714396,0.8641975308641957,1.0748233649451047,0.3649091671109926,0.7758744597141205
2008-04-14,0.11999999999999966,0.3599999999999999,8688.691042857143,0.4285714285714273,2.2222222222222148,1.0749886938798734,1.0237987560760635,0.7799371531906129
2008-04-15,0.020000000000000018,0.30999999999999983,8689.13647142857,0.07142857142857148,1.9135802469135736,1.075043803524796,0.14694161335656344,0.7805202548309167
2008-04-16,0.020000000000000018,0.19000000000000017,8689.5819,0.07142857142857148,1.1728395061728372,1.075098913169719,0.09006560560063773,0.7808776580277447
2008-04-17,0.0,0.15000000000000013,8693.178557142857,0.0,0.925925925925924,1.0755439014591246,0.0,0.7808776580277447
2008-04-18,0.050000000000000266,0.050000000000000044,8696.775214285713,0.17857142857142952,0.30864197530864135,1.0759888897485301,0.059302738632525,0.7811129863556515
2008-04-21,0.07000000000000028,0.04999999999999982,8707.565185714286,0.250000000000001,0.30864197530863996,1.0773238546167465,0.083126840634008,0.7814428547708658
2008-04-22,0.3800000000000001,0.030000000000000027,8711.161842857142,1.3571428571428574,0.18518518518518481,1.077768842906152,0.2708678308891118,0.7825177271156639
2008-04-23,0.13999999999999968,0.05999999999999983,8714.7585,0.49999999999999883,0.37037037037036824,1.0782138311955576,0.1996692279991757,0.7833100653220099
2008-04-24,0.06000000000000005,0.05999999999999983,8715.2339,0.21428571428571447,0.37037037037036824,1.078272648987852,0.08557719436411482,0.7836496573631373
2008-04-25,0.040000000000000036,0.010000000000000009,8715.7093,0.14285714285714296,0.06172839506172827,1.0783314667801467,0.009509095826985408,0.7836873918703873
2008-04-28,0.10999999999999988,0.1100000000000001,8717.1355,0.39285714285714235,0.6790123456790109,1.0785079201570305,0.28769721856040614,0.7848290474995953
2008-04-29,0.04999999999999982,0.22999999999999998,8717.610900000001,0.1785714285714279,1.4197530864197487,1.0785667379493251,0.2734461526987909,0.785914151280146
2008-04-30,0.0900000000000003,0.24,8718.0863,0.32142857142857245,1.481481481481477,1.0786255557416198,0.5136312170198191,0.787952370395304
2008-05-01,0.11999999999999966,0.30999999999999983,8716.175471428573,0.4285714285714273,1.9135802469135736,1.078389142788265,0.8843932123395768,0.7914618672696674
2008-05-02,0.3999999999999999,0.30000000000000004,8714.264642857142,1.4285714285714282,1.8518518518518468,1.07815272983491,2.852255899034145,0.8027803430594854
2008-05-06,0.2500000000000002,0.27,8706.621328571428,0.8928571428571436,1.6666666666666619,1.0772070780214913,1.6029867232462636,0.8091414014850659
2008-05-07,0.1299999999999999,0.34999999999999987,8704.7105,0.46428571428571386,2.1604938271604865,1.0769706650681365,1.0802946486022929,0.8134282850112654
2008-05-08,0.1100000000000001,0.27,8704.48417142857,0.3928571428571432,1.6666666666666619,1.0769426630763306,0.7051410293952151,0.8162264636993417
2008-05-09,0.09000000000000008,0.27,8704.257842857143,0.3214285714285717,1.6666666666666619,1.0769146610845246,0.5769185684381369,0.8185158230979057
2008-05-13,0.06000000000000005,0.2799999999999999,8703.35252857143,0.21428571428571447,1.7283950617283894,1.0768026531173003,0.398815797450851,0.8200984254687425
2008-05-14,0.05999999999999983,0.16000000000000003,8703.1262,0.21428571428571366,0.9876543209876516,1.076774651125494,0.2278888150530133,0.8210027461633973
2008-05-15,0.05999999999999983,0.17000000000000004,8703.627485714287,0.21428571428571366,1.0493827160493798,1.0768366715693796,0.2421458123899385,0.8219636422443097
2008-05-16,0.06000000000000005,0.15000000000000002,8704.128771428572,0.21428571428571447,0.9259259259259234,1.0768986920132648,0.2136703753994569,0.822811540559387
2008-05-19,0.07999999999999985,0.04999999999999993,8705.63262857143,0.28571428571428514,0.3086419753086407,1.077084753344921,0.09498101881348452,0.8231884493642024
2008-05-20,0.039999999999999813,0.050000000000000044,8706.133914285714,0.14285714285714218,0.30864197530864135,1.077146773788806,0.04749324399421511,0.8233769146181478
2008-05-21,0.11999999999999988,0.12,8706.6352,0.4285714285714281,0.7407407407407385,1.0772087942326916,0.3419710457881547,0.8247339425776246
2008-05-22,0.1399999999999999,0.10999999999999999,8704.009328571428,0.4999999999999996,0.6790123456790103,1.0768839142152788,0.36560873630765495,0.8261847708963057
2008-05-23,0.08000000000000007,0.050000000000000044,8701.383457142858,0.2857142857142859,0.30864197530864135,1.0765590341978664,0.09493465910034082,0.8265614957340055
2008-05-27,0.18000000000000016,0.04999999999999993,8690.879971428572,0.6428571428571433,0.3086419753086407,1.0752595141282157,0.21334514169210558,0.827408103439133
2008-05-28,0.09000000000000008,0.020000000000000018,8688.2541,0.3214285714285717,0.12345679012345653,1.074934634110803,0.042656136274238164,0.8275773738211736
2008-05-29,0.019999999999999796,0.0,8688.5699,0.07142857142857069,0.0,1.0749737057532234,0.0,0.8275773738211736
2008-05-30,0.010000000000000009,0.0,8688.8857,0.03571428571428574,0.0,1.0750127773956437,0.0,0.8275773738211736
2008-06-03,0.05999999999999983,0.06999999999999995,8690.1489,0.21428571428571366,0.4320987654320972,1.075169063965325,0.09955269110789983,0.8279724241827129
2008-06-04,0.0,0.06999999999999995,8690.4647,0.0,0.4320987654320972,1.0752081356077454,0.0,0.8279724241827129
2008-06-05,0.0,0.04999999999999993,8691.493957142857,0.0,0.3086419753086407,1.0753354781253017,0.0,0.8279724241827129
2008-06-06,0.029999999999999805,0.06000000000000005,8692.523214285715,0.10714285714285643,0.37037037037036963,1.075462820642858,0.042677096057255906,0.8281417777384956
2008-06-09,0.040000000000000036,0.030000000000000027,8695.610985714286,0.14285714285714296,0.18518518518518481,1.075844848195527,0.02846150392051655,0.8282547202143706
2008-06-10,0.020000000000000018,0.039999999999999925,8696.640242857144,0.07142857142857148,0.2469135802469124,1.0759721907130835,0.01897658184679152,0.8283300241105881
2008-06-11,0.05999999999999983,0.010000000000000009,8697.6695,0.21428571428571366,0.06172839506172827,1.0760995332306396,0.014234120809929023,0.8283865087169767
2008-06-12,0.0,0.040000000000000036,8697.39797142857,0.0,0.24691358024691307,1.076065938970824,0.0,0.8283865087169767
2008-06-13,0.010000000000000231,0.030000000000000027,8697.126442857143,0.03571428571428654,0.18518518518518481,1.0760323447110085,0.0071166160364486185,0.8284147492568039
2008-06-16,0.1100000000000001,0.05999999999999994,8696.311857142857,0.3928571428571432,0.3703703703703689,1.0759315619315617,0.15655088864083522,0.8290359829418866
2008-06-17,0.13999999999999968,0.039999999999999925,8696.04032857143,0.49999999999999883,0.2469135802469124,1.0758979676717462,0.1328269095891035,0.8295630738529545
2008-06-18,0.17999999999999994,0.040000000000000036,8695.7688,0.6428571428571426,0.24691358024691307,1.0758643734119306,0.17077212276379808,0.830240741006779
2008-06-19,0.08000000000000007,0.1100000000000001,8695.420257142858,0.2857142857142859,0.6790123456790109,1.0758212507333922,0.208713117426231,0.8310689676632323
2008-06-20,0.030000000000000027,0.10999999999999999,8695.071714285714,0.10714285714285723,0.6790123456790103,1.0757781280548535,0.0782642818029323,0.8313795402100694
2008-06-23,0.1399999999999999,0.17999999999999994,8694.026085714286,0.4999999999999996,1.1111111111111074,1.0756487600192384,0.59758264445513,0.8337508999102882
2008-06-24,0.010000000000000009,0.16000000000000003,8693.677542857142,0.03571428571428574,0.9876543209876516,1.0756056373406997,0.03794023412136499,0.8339014563948968
2008-06-25,0.020000000000000018,0.12,8693.329,0.07142857142857148,0.7407407407407385,1.0755625146621612,0.05690806955884438,0.8341272820677493
2008-06-26,0.05999999999999983,0.17000000000000004,8693.423428571428,0.21428571428571366,1.0493827160493798,1.07557419762409,0.24186192274615645,0.8350870516024563
2008-06-27,0.0,0.17999999999999994,8693.517857142857,0.0,1.1111111111111074,1.075585880586019,0.0,0.8350870516024563
2008-06-30,0.5000000000000002,0.039999999999999925,8693.801142857143,1.7857142857142863,0.2469135802469124,1.0756209294718053,0.47425966907927714,0.836969034416263
2008-07-01,0.06000000000000005,0.06000000000000005,8693.895571428571,0.21428571428571447,0.37037037037036963,1.075632612433734,0.08536766765347087,0.8373077950021895
2008-07-02,0.040000000000000036,0.030000000000000027,8693.99,0.14285714285714296,0.18518518518518481,1.075644295395663,0.028456198290890522,0.8374207164239788
2008-07-03,0.07000000000000006,0.1200000000000001,8693.886,0.2500000000000002,0.7407407407407393,1.0756314282303314,0.19919100522783892,0.8382111569209146
2008-07-07,0.040000000000000036,0.039999999999999925,8693.470000000001,0.14285714285714296,0.2469135802469124,1.0755799595690052,0.03793932837985894,0.8383617098113109
2008-07-08,0.050000000000000044,0.010000000000000009,8693.366,0.17857142857142871,0.06172839506172827,1.0755670924036735,0.01185589828487293,0.838408757026727
2008-07-09,0.07000000000000006,0.0,8693.262,0.2500000000000002,0.0,1.075554225238342,0.0,0.838408757026727
2008-07-10,0.08999999999999986,0.16999999999999993,8695.190285714287,0.3214285714285709,1.0493827160493792,1.075792798037306,0.3628666183855975,0.8398487039250826
2008-07-14,0.07000000000000006,0.3400000000000001,8702.90342857143,0.2500000000000002,2.0987654320987597,1.0767470892331616,0.56495989249888,0.8420906082603956
2008-07-15,0.15000000000000036,0.45999999999999996,8704.831714285714,0.5357142857142869,2.8395061728394975,1.0769856620321254,1.6382718403927818,0.848591686992113
2008-07-16,0.020000000000000018,0.43999999999999995,8706.76,0.07142857142857148,2.716049382716041,1.0772242348310894,0.20898530128998158,0.8494209937432636
2008-07-17,0.05999999999999983,0.24,8704.3718,0.21428571428571366,1.481481481481477,1.0769287601748887,0.3418821460872642,0.8507776689261496
2008-07-18,0.010000000000000009,0.13000000000000012,8701.9836,0.03571428571428574,0.8024691358024675,1.0766332855186875,0.030855892221655464,0.8509001129429022
2008-07-21,0.030000000000000027,0.050000000000000044,8694.819000000001,0.10714285714285723,0.30864197530864135,1.0757468615500851,0.03557363960152394,0.8510412781794162
2008-07-22,0.05999999999999983,0.1399999999999999,8692.4308,0.21428571428571366,0.8641975308641944,1.0754513868938842,0.1991576642396069,0.8518315863708432
2008-07-23,0.08000000000000007,0.19999999999999996,8690.0426,0.2857142857142859,1.234567901234564,1.0751559122376833,0.3792437080203459,0.8533365217201303
2008-07-24,0.10000000000000009,0.21999999999999997,8690.387828571429,0.35714285714285743,1.3580246913580205,1.0751986248637002,0.5214808145282485,0.8554058900317504
2008-07-25,0.16999999999999993,0.26,8690.733057142857,0.6071428571428569,1.6049382716049336,1.0752413374897172,1.047743984061846,0.8595636042542181
2008-07-28,0.040000000000000036,0.24,8691.768742857143,0.14285714285714296,1.481481481481477,1.0753694753677678,0.22759142335825722,0.8604667448231
2008-07-29,0.010000000000000231,0.16999999999999993,8692.113971428571,0.03571428571428654,1.0493827160493792,1.0754121879937846,0.04030424866819819,0.8606266823178151
2008-07-30,0.10000000000000009,0.1100000000000001,8692.4592,0.35714285714285743,0.6790123456790109,1.0754549006198015,0.2608025552649427,0.861661613092676
2008-07-31,0.040000000000000036,0.030000000000000027,8689.741199999999,0.14285714285714296,0.18518518518518481,1.0751186222027702,0.028442291592665845,0.8617744793291549
2008-08-01,0.08999999999999986,0.07999999999999985,8687.0232,0.3214285714285709,0.4938271604938248,1.0747823437857391,0.1706003720294813,0.8624514649324464
2008-08-04,0.05999999999999983,0.020000000000000018,8678.8692,0.21428571428571366,0.12345679012345653,1.0737735085346454,0.028406706574990476,0.8625641899585377
2008-08-05,0.11999999999999988,0.030000000000000027,8676.1512,0.4285714285714281,0.18518518518518481,1.0734372301176143,0.08519343096171517,0.8629022591290206
2008-08-06,0.03000000000000025,0.06000000000000005,8673.4332,0.10714285714285803,0.37037037037036963,1.073100951700583,0.04258337109922975,0.8630712407603668
2008-08-07,0.08000000000000007,0.030000000000000027,8674.729157142856,0.2857142857142859,0.18518518518518481,1.07326129107385,0.056786311697029024,0.863296583267101
2008-08-08,0.03000000000000025,0.030000000000000027,8676.025114285714,0.10714285714285803,0.18518518518518481,1.0734216304471174,0.021298048223157222,0.8633810993314787
2008-08-11,0.019999999999999796,0.1200000000000001,8679.912985714285,0.07142857142857069,0.7407407407407393,1.073902648566919,0.05682024595592094,0.8636065764979705
2008-08-12,0.010000000000000009,0.1100000000000001,8681.208942857143,0.03571428571428574,0.6790123456790109,1.0740629879401864,0.02604650103029549,0.8637099356290431
2008-08-13,0.029999999999999805,0.20999999999999996,8682.5049,0.10714285714285643,1.2962962962962923,1.0742233273134536,0.1491976843490893,0.8643019899320157
2008-08-14,0.08000000000000007,0.20999999999999996,8683.459128571429,0.2857142857142859,1.2962962962962923,1.0743413870903065,0.3979042174408533,0.8658809749218603
2008-08-15,0.07000000000000028,0.1299999999999999,8684.413357142857,0.250000000000001,0.8024691358024661,1.074459446867159,0.2155551359455721,0.8667363524454539
2008-08-18,0.07000000000000006,0.06000000000000005,8687.276042857142,0.2500000000000002,0.37037037037036963,1.0748136261977175,0.09951978020349225,0.8671312722081661
2008-08-19,0.1499999999999999,0.07000000000000006,8688.23027142857,0.5357142857142854,0.43209876543209785,1.0749316859745703,0.2488267791607795,0.8681186800619787
2008-08-20,0.10000000000000009,0.1499999999999999,8689.1845,0.35714285714285743,0.9259259259259226,1.0750497457514232,0.3555058683040411,0.8695294176346138
2008-08-21,0.07000000000000028,0.16000000000000014,8690.284385714285,0.250000000000001,0.9876543209876523,1.0751858266296113,0.26547798188385513,0.8705829016897084
2008-08-22,0.06000000000000005,0.1399999999999999,8691.384271428571,0.21428571428571447,0.8641975308641944,1.0753219075077995,0.1991336865755179,0.8713731147316748
2008-08-26,0.1299999999999999,0.08999999999999986,8695.783814285714,0.46428571428571386,0.555555555555553,1.075866231020552,0.27750517863625196,0.8724743257580091
2008-08-27,0.040000000000000036,0.040000000000000036,8696.8837,0.14285714285714296,0.24691358024691307,1.07600231189874,0.03795422616926767,0.8726249377666173
2008-08-28,0.030000000000000027,0.020000000000000018,8692.9269,0.10714285714285723,0.12345679012345653,1.0755127657469707,0.014226359335277373,0.8726813915735033
2008-08-29,0.08000000000000007,0.019999999999999796,8688.9701,0.2857142857142859,0.12345679012345516,1.0750232195952014,0.03791969028554455,0.8728318665349539
2008-09-02,0.030000000000000027,0.009999999999999787,8673.1429,0.10714285714285723,0.0617283950617269,1.073065034988124,0.007096990972143511,0.8728600291975418
2008-09-03,0.06999999999999984,0.030000000000000027,8669.1861,0.24999999999999942,0.18518518518518481,1.0725754888363543,0.04965627263131248,0.8730570778984597
2008-09-04,0.050000000000000044,0.05999999999999983,8669.025585714286,0.17857142857142871,0.37037037037036824,1.072555629568543,0.07093621888680805,0.8733385708305501
2008-09-05,0.030000000000000027,0.039999999999999813,8668.865071428572,0.10714285714285723,0.2469135802469117,1.0725357703007319,0.02837396217726785,0.8734511659185551
2008-09-09,0.030000000000000027,0.06999999999999984,8668.223014285715,0.10714285714285723,0.4320987654320965,1.0724563332294872,0.04965075616803159,0.8736481927287457
2008-09-10,0.15000000000000013,0.06000000000000005,8668.0625,0.5357142857142861,0.37037037037036963,1.0724364739616759,0.21278501467493544,0.8744925777076145
2008-09-11,0.030000000000000027,0.08000000000000007,8680.002314285714,0.10714285714285723,0.49382716049382613,1.0739137005428556,0.05682083071655314,0.874718057194585
2008-09-12,0.13000000000000012,0.20000000000000018,8691.942128571429,0.46428571428571463,1.2345679012345654,1.0753909271240356,0.6164057342421713,0.877164111695546
2008-09-15,0.52,0.6600000000000001,8727.761571428571,1.857142857142857,4.074074074074063,1.0798226068675751,8.170086390585332,0.909585089435964
2008-09-16,0.020000000000000018,0.8500000000000001,8739.701385714287,0.07142857142857148,5.246913580246899,1.0812998334487554,0.4052490557457849,0.9111932206095583
2008-09-17,0.6999999999999997,1.8299999999999998,8751.6412,2.4999999999999987,11.296296296296262,1.0827770600299351,30.578426232326763,1.0325361818489502
2008-09-18,0.06000000000000005,1.7300000000000002,8762.889785714286,0.21428571428571447,10.679012345678982,1.084168765915822,2.480968207717418,1.0423812937843369
2008-09-19,0.6200000000000001,0.8800000000000001,8774.138371428571,2.2142857142857144,5.432098765432084,1.0855604718017084,13.057358761353846,1.094196209503995
2008-09-22,1.2899999999999998,0.11999999999999988,8807.884128571428,4.607142857142856,0.7407407407407378,1.0897355894593688,3.7189389164089413,1.1089539036167289
2008-09-23,0.7000000000000002,0.3599999999999999,8819.132714285714,2.5000000000000004,2.2222222222222148,1.0911272953452555,6.061818307473622,1.1330087381701957
2008-09-24,0.29000000000000004,0.04999999999999982,8830.3813,1.0357142857142858,0.30864197530863996,1.0925190012311423,0.3492399805522809,1.1343946111088952
2008-09-25,0.25,0.04999999999999982,8873.036928571428,0.8928571428571428,0.30864197530863996,1.0977964726268274,0.30252327839142973,1.1355951003088611
2008-09-26,0.3999999999999999,0.6599999999999997,8915.692557142856,1.4285714285714282,4.07407407407406,1.1030739440225128,6.420007081612484,1.1610713188866884
2008-09-29,0.3700000000000001,1.01,9043.659442857142,1.3214285714285716,6.234567901234549,1.1189063582095684,9.218150486395823,1.1976512811342908
2008-09-30,0.7999999999999998,0.75,9086.315071428571,2.8571428571428563,4.629629629629616,1.1241838296052538,14.870156476259924,1.2566598385797667
2008-10-01,0.06999999999999984,0.33000000000000007,9128.9707,0.24999999999999942,2.0370370370370314,1.1294613010009389,0.5751886255097345,1.2589423331254403
2008-10-02,0.41000000000000003,0.5699999999999998,9128.42122857143,1.4642857142857142,3.518518518518507,1.1293933188882812,5.818765842684974,1.2820326737710157
2008-10-03,0.020000000000000018,0.9300000000000002,9127.871757142857,0.07142857142857148,5.7407407407407245,1.1293253367756233,0.463083140741326,1.283870305281894
2008-10-06,0.81,0.8300000000000001,9126.223342857144,2.892857142857143,5.123456790123442,1.12912139043765,16.735192036843692,1.3502797974915912
2008-10-07,2.3000000000000003,0.3599999999999999,9125.673871428571,8.214285714285715,2.2222222222222148,1.1290534083249921,20.609705072599,1.4320643414304761
2008-10-08,1.1400000000000001,0.54,9125.1244,4.071428571428571,3.3333333333333237,1.1289854262123344,15.321945070024494,1.4928657107559702
2008-10-09,0.2999999999999998,0.5800000000000001,9134.058514285714,1.0714285714285707,3.5802469135802366,1.1300907793431572,4.3350043122951645,1.5100681088206336
2008-10-10,0.31000000000000005,0.75,9142.99262857143,1.1071428571428572,4.629629629629616,1.1311961324739799,5.798128324519391,1.5330765545528533
2008-10-14,0.2999999999999998,0.79,9178.729085714287,1.0714285714285707,4.876543209876529,1.1356175449972707,5.933451458649741,1.5566219968490824
2008-10-15,0.25,0.48,9187.6632,0.8928571428571428,2.962962962962954,1.1367228981280935,3.007203434201296,1.5685553438101987
2008-10-16,0.039999999999999925,0.1200000000000001,9196.187842857144,0.14285714285714257,0.7407407407407393,1.1377775903303586,0.12039974500850308,1.5690331205761054
2008-10-17,0.19000000000000006,0.96,9204.712485714286,0.6785714285714287,5.925925925925908,1.1388322825326238,4.579431400660273,1.5872054674041225
2008-10-21,0.15999999999999992,1.5599999999999996,9238.811057142857,0.5714285714285711,9.6296296296296,1.1430510513416843,6.289804726959509,1.6121650099714222
2008-10-22,0.21000000000000008,1.8200000000000003,9247.3357,0.7500000000000002,11.234567901234536,1.1441057435439494,9.640150246527698,1.6504195744417702
2008-10-23,0.33000000000000007,1.4699999999999998,9246.793114285714,1.1785714285714286,9.074074074074046,1.1440386133507545,12.234857392778864,1.6989705958416863
2008-10-24,0.35,0.96,9246.250528571429,1.2499999999999998,5.925925925925908,1.1439714831575596,8.473862838204118,1.7325970356758296
2008-10-27,0.10999999999999999,0.1499999999999999,9244.62277142857,0.3928571428571428,0.9259259259259226,1.1437700925779748,0.4160539357922512,1.734248043357545
2008-10-28,0.26,0.040000000000000036,9244.080185714285,0.9285714285714285,0.24691358024691307,1.1437029623847799,0.2622246650970389,1.7352886174253903
2008-10-29,0.59,0.30000000000000027,9243.5376,2.1071428571428568,1.851851851851848,1.143635832191585,4.462600138842815,1.752997348135084
2008-10-30,0.6499999999999999,0.20999999999999996,9232.575857142856,2.3214285714285707,1.2962962962962923,1.1422796152909582,3.4374155089774088,1.7666378858691214
2008-10-31,0.73,0.07000000000000028,9221.614114285714,2.6071428571428568,0.43209876543209924,1.1409233983903315,1.2852995074458993,1.7717382807399384
2008-11-03,0.12999999999999998,0.2999999999999998,9188.728885714285,0.46428571428571414,1.8518518518518452,1.1368547476884512,0.9774544788326592,1.7756170683543537
2008-11-04,0.06999999999999998,0.4700000000000002,9177.767142857143,0.2499999999999999,2.901234567901227,1.1354985307878247,0.8235868973306728,1.7788852703278881
2008-11-05,0.010000000000000009,0.69,9166.8054,0.03571428571428574,4.259259259259246,1.1341423138871978,0.17252164827649133,1.779569880043271
2008-11-06,0.010000000000000009,0.71,9164.932542857143,0.03571428571428574,4.382716049382703,1.1339105988631635,0.17748600643581222,1.7802741895926195
2008-11-07,0.05000000000000002,0.5999999999999999,9163.059685714285,0.1785714285714286,3.703703703703692,1.1336788838391287,0.7497876215867231,1.7832495372973287
2008-11-10,0.05999999999999997,0.43000000000000016,9157.441114285715,0.21428571428571416,2.654320987654314,1.1329837387670256,0.6444219678172215,1.7858067673283495
2008-11-12,0.07999999999999996,0.17000000000000015,9153.6954,0.28571428571428553,1.0493827160493805,1.1325203087189568,0.33955635358416597,1.7871542131759057
2008-11-13,0.07999999999999996,0.14000000000000012,9139.964542857144,0.28571428571428553,0.8641975308641957,1.1308214894016344,0.279215182568304,1.7882622099321293
2008-11-14,0.07,0.1100000000000001,9126.233685714285,0.25,0.6790123456790109,1.129122670084312,0.19167205819332417,1.7890228133376582
2008-11-17,0.020000000000000018,0.18000000000000016,9085.041114285716,0.07142857142857148,1.1111111111111087,1.1240262121323452,0.08920842953431299,1.7893768150421594
2008-11-19,0.03999999999999998,0.15000000000000013,9057.5794,0.14285714285714277,0.925925925925924,1.1206285734977004,0.14823129279070074,1.7899650344579956
2008-11-20,0.14999999999999997,0.18000000000000016,9060.488928571429,0.5357142857142856,1.1111111111111087,1.1209885483550615,0.6672550883065825,1.7926128721100059
2008-11-21,0.22999999999999993,0.040000000000000036,9063.398457142857,0.8214285714285711,0.24691358024691307,1.1213485232124225,0.22743400382615214,1.7935153879982049
2008-11-24,0.24,0.08000000000000007,9072.127042857142,0.857142857142857,0.49382716049382613,1.1224284477845052,0.4751019884802128,1.7954007133493168
2008-11-25,0.09999999999999998,0.0,9075.03657142857,0.35714285714285704,0.0,1.1227884226418663,0.0,1.7954007133493168
2008-11-26,0.039999999999999925,0.029999999999999805,9077.9461,0.14285714285714257,0.18518518518518343,1.1231483974992271,0.02971292056876228,1.7955186217642722
2008-11-28,0.04999999999999993,0.06999999999999984,9075.049128571427,0.17857142857142833,0.4320987654320965,1.1227899762460318,0.08663502903132905,1.7958624115620156
2008-12-01,0.010000000000000009,0.10999999999999988,9070.703671428571,0.03571428571428574,0.6790123456790096,1.122252344366239,0.027215114171138866,1.7959704080468217
2008-12-02,0.06000000000000005,0.04999999999999982,9069.255185714284,0.21428571428571447,0.30864197530863996,1.1220731337396415,0.07421118609389121,1.7962648968805277
2008-12-03,0.16000000000000003,0.050000000000000266,9067.8067,0.5714285714285715,0.30864197530864274,1.1218939231130438,0.19786488943792713,1.797050075013218
2008-12-05,0.4,0.040000000000000036,9062.180357142857,1.4285714285714286,0.24691358024691307,1.1211978165384762,0.39548423863790966,1.7986194569125746
2008-12-08,0.24,0.010000000000000231,9053.740842857142,0.857142857142857,0.06172839506172964,1.1201536566766246,0.059267389242150637,1.7988546449651228
2008-12-09,0.07,0.020000000000000018,9050.927671428572,0.25,0.12345679012345653,1.1198056033893409,0.034561901339177116,1.7989917953672625
2008-12-10,0.009999999999999995,0.08000000000000007,9048.1145,0.03571428571428569,0.49382716049382613,1.119457550102057,0.019743519402152625,1.7990701426664775
2008-12-11,0.020000000000000018,0.17999999999999994,9045.867057142857,0.07142857142857148,1.1111111111111074,1.119179490305748,0.08882376907188452,1.7994226179405723
2008-12-12,0.03,0.27,9043.619614285713,0.10714285714285712,1.6666666666666619,1.1189014305094387,0.19980382687668485,1.800215490269448
2008-12-15,0.06999999999999999,0.33000000000000007,9036.877285714287,0.24999999999999994,2.0370370370370314,1.1180672511205114,0.5693861001076662,1.802474958920669
2008-12-16,0.03,0.31999999999999984,9034.629842857143,0.10714285714285712,1.9753086419753019,1.1177891913242022,0.23656914102099433,1.803413725353292
2008-12-17,0.03,0.5700000000000001,9032.3824,0.10714285714285712,3.5185185185185084,1.1175111315278932,0.4212839583140854,1.8050854870926336
2008-12-18,0.039999999999999994,0.47,9032.246871428571,0.14285714285714282,2.9012345679012257,1.1174943635612036,0.4631590395712204,1.806923419789345
2008-12-19,0.039999999999999994,0.41999999999999993,9032.111342857143,0.14285714285714282,2.5925925925925846,1.1174775955945138,0.41388059096092966,1.8085658030868088
2008-12-22,0.009999999999999995,0.3700000000000001,9031.704757142857,0.03571428571428569,2.2839506172839448,1.117427291694445,0.09114816973698046,1.8089275021730666
2008-12-23,0.0,0.3600000000000001,9031.569228571429,0.0,2.222222222222216,1.1174105237277552,0.0,1.8089275021730666
2008-12-24,0.0,0.06000000000000005,9031.4337,0.0,0.37037037037036963,1.1173937557610654,0.0,1.8089275021730666
2008-12-29,0.009999999999999995,0.06000000000000005,9006.755985714284,0.03571428571428569,0.37037037037036963,1.1143405612445278,0.014739954513816466,1.808985994056058
2008-12-30,0.020000000000000004,0.10999999999999988,9001.820442857143,0.07142857142857144,0.6790123456790096,1.1137299223412205,0.05401688335870096,1.8092003467677988
2008-12-31,0.05000000000000002,0.1499999999999999,8996.8849,0.1785714285714286,0.9259259259259226,1.1131192834379129,0.18404750056843733,1.8099306939922768
2009-01-05,0.030000000000000013,0.11999999999999988,8989.018328571428,0.10714285714285718,0.7407407407407378,1.1121460096382576,0.08826555632049632,1.8102809541364058
2009-01-06,0.05000000000000002,0.07000000000000006,8987.445014285713,0.1785714285714286,0.43209876543209785,1.1119513548783264,0.0857987156541917,1.8106214252302717
2009-01-07,0.03,0.030000000000000027,8985.8717,0.10714285714285712,0.18518518518518481,1.1117567001183954,0.022058664684888752,1.8107089596139418
2009-01-09,0.009999999999999995,0.14000000000000012,8999.65647142857,0.03571428571428569,0.8641975308641957,1.113462189859064,0.03436611697095867,1.8108453330939853
2009-01-12,0.009999999999999995,0.24,9020.333628571429,0.03571428571428569,1.481481481481477,1.116020424470067,0.05904869970741074,1.8110796533309195
2009-01-13,0.0,0.29000000000000004,9027.226014285714,0.0,1.7901234567901183,1.1168731693404015,0.0,1.8110796533309195
2009-01-14,0.06,0.33000000000000007,9034.1184,0.21428571428571425,2.0370370370370314,1.1177259142107356,0.48789623239357366,1.8130157494912114
2009-01-15,0.09,0.28,9037.918342857143,0.3214285714285714,1.72839506172839,1.118196053566442,0.6212200297591326,1.8154809083394619
2009-01-16,0.1,0.16999999999999993,9041.718285714285,0.35714285714285715,1.0493827160493792,1.118666192922148,0.4192532028147366,1.8171446115252345
2009-01-20,0.020000000000000018,0.010000000000000009,9056.918057142857,0.07142857142857148,0.06172839506172827,1.1205467503449724,0.004940682320745021,1.8171642174074598
2009-01-21,0.04000000000000001,0.050000000000000044,9060.718,0.14285714285714288,0.30864197530864135,1.1210168897006785,0.049427552455938106,1.8173603584886342
2009-01-22,0.01999999999999999,0.08000000000000007,9060.696357142859,0.07142857142857138,0.49382716049382613,1.1210142119870141,0.03954194751276935,1.8175172709787641
2009-01-23,0.010000000000000009,0.040000000000000036,9060.674714285715,0.03571428571428574,0.24691358024691307,1.1210115342733495,0.009885463265197071,1.8175564990075943
2009-01-27,0.03,0.06000000000000005,9060.588142857143,0.10714285714285712,0.37037037037036963,1.1210008234186917,0.0444841596594718,1.8177330234506874
2009-01-28,0.010000000000000009,0.030000000000000027,9060.5665,0.03571428571428574,0.18518518518518481,1.1209981457050273,0.007414008900165516,1.8177624441209261
2009-01-29,0.05000000000000002,0.1200000000000001,9062.837914285716,0.1785714285714286,0.7407407407407393,1.1212791713122465,0.14831735070267785,1.818351005036413
2009-01-30,0.05000000000000002,0.1200000000000001,9065.109328571429,0.1785714285714286,0.7407407407407393,1.1215601969194657,0.14835452340204547,1.8189397134626115
2009-02-02,0.04999999999999999,0.07000000000000006,9071.923571428571,0.17857142857142852,0.43209876543209785,1.1224032737411238,0.0866051908750865,1.819283384854973
2009-02-03,0.009999999999999981,0.14,9074.194985714284,0.03571428571428564,0.864197530864195,1.122684299348343,0.03465074997988696,1.8194208878310836
2009-02-04,0.009999999999999981,0.040000000000000036,9076.4664,0.03571428571428564,0.24691358024691307,1.1229653249555624,0.009902692459925555,1.819460184229734
2009-02-05,0.0,0.010000000000000009,9074.050128571427,0.0,0.06172839506172827,1.1226663772252026,0.0,1.819460184229734
2009-02-06,0.0,0.020000000000000018,9071.633857142857,0.0,0.12345679012345653,1.122367429494843,0.0,1.819460184229734
2009-02-09,0.01999999999999999,0.04999999999999993,9064.385042857142,0.07142857142857138,0.3086419753086407,1.1214705863037635,0.024723778357666627,1.819558294461312
2009-02-10,0.009999999999999981,0.0,9061.968771428572,0.03571428571428564,0.0,1.121171638573404,0.0,1.819558294461312
2009-02-11,0.010000000000000009,0.009999999999999898,9059.5525,0.03571428571428574,0.06172839506172758,1.1208726908430442,0.0024710597240807544,1.819568100253868
2009-02-12,0.0,0.010000000000000009,9062.369871428571,0.0,0.06172839506172827,1.121221263765851,0.0,1.819568100253868
2009-02-13,0.010000000000000009,0.010000000000000009,9065.187242857142,0.03571428571428574,0.06172839506172827,1.1215698366886577,0.0024725966417298417,1.8195779121453033
2009-02-17,0.01999999999999999,0.020000000000000018,9076.45672857143,0.07142857142857138,0.12345679012345653,1.1229641283798855,0.009902681908111837,1.8196172085020814
2009-02-18,0.010000000000000009,0.009999999999999898,9079.2741,0.03571428571428574,0.06172839506172758,1.1233127013026922,0.0024764389358524655,1.8196270356407158
2009-02-19,0.010000000000000009,0.010000000000000009,9075.939471428572,0.03571428571428574,0.06172839506172827,1.1229001319070384,0.002475529391329446,1.8196368591700465
2009-02-20,0.01999999999999999,0.030000000000000027,9072.604842857143,0.07142857142857138,0.18518518518518481,1.1224875625113846,0.014847719080838382,1.8196957786902086
2009-02-24,0.0,0.0,9059.266328571428,0.0,0.0,1.120837284928769,0.0,1.8196957786902086
2009-02-25,0.009999999999999981,0.020000000000000018,9055.9317,0.03571428571428564,0.12345679012345653,1.1204247155331153,0.004940144248382323,1.819715382437226
2009-02-26,0.01999999999999999,0.040000000000000036,9056.651085714286,0.07142857142857138,0.24691358024691307,1.1205137199073738,0.01976214673557973,1.8197938036544308
2009-02-27,0.01999999999999999,0.020000000000000018,9057.37047142857,0.07142857142857138,0.12345679012345653,1.1206027242816323,0.009881858238815072,1.8198330173776007
2009-03-02,0.010000000000000009,0.040000000000000036,9059.528628571428,0.03571428571428574,0.24691358024691307,1.1208697374044083,0.009884212851890712,1.8198722404444734
2009-03-03,0.01999999999999999,0.06999999999999995,9060.248014285713,0.07142857142857138,0.4320987654320972,1.1209587417786668,0.034597492030205616,1.8200095320795138
2009-03-04,0.010000000000000009,0.06000000000000005,9060.9674,0.03571428571428574,0.37037037037036963,1.1210477461529256,0.014828673890911696,1.8200683760235252
2009-03-05,0.01999999999999999,0.09000000000000008,9063.910028571428,0.07142857142857138,0.5555555555555544,1.1214118162330988,0.04450046889813872,1.8202449651858195
2009-03-06,0.01999999999999999,0.09000000000000008,9066.852657142857,0.07142857142857138,0.5555555555555544,1.121775886313272,0.044514916123542414,1.8204216116783731
2009-03-09,0.009999999999999981,0.09000000000000008,9075.680542857142,0.03571428571428564,0.5555555555555544,1.1228680965537918,0.02227912889987673,1.8205100209200393
2009-03-10,0.0,0.09000000000000008,9078.623171428571,0.0,0.5555555555555544,1.123232166633965,0.0,1.8205100209200393
2009-03-11,0.010000000000000009,0.08000000000000007,9081.5658,0.03571428571428574,0.49382716049382613,1.1235962367141383,0.019816512111360436,1.8205886578728623
2009-03-12,0.020000000000000018,0.030000000000000027,9073.040128571429,0.07142857142857148,0.18518518518518481,1.122541417254194,0.01484843144516128,1.820647580219867
2009-03-13,0.05000000000000002,0.039999999999999813,9064.514457142857,0.1785714285714286,0.2469135802469117,1.1214865977942499,0.04944826268934045,1.8208438034845071
2009-03-16,0.010000000000000009,0.010000000000000009,9038.937442857143,0.03571428571428574,0.06172839506172827,1.118322139414417,0.0024654368152875117,1.8208535869639328
2009-03-17,0.020000000000000018,0.030000000000000027,9030.411771428571,0.07142857142857148,0.18518518518518481,1.1172673199544727,0.014778668253366023,1.8209122324728748
2009-03-18,0.03,0.020000000000000018,9021.8861,0.10714285714285712,0.12345679012345653,1.1162125004945285,0.014764715615006956,1.8209708226142043
2009-03-19,0.020000000000000018,0.08000000000000007,9020.562485714285,0.07142857142857148,0.49382716049382613,1.1160487393036675,0.03936679856450321,1.8211270400688253
2009-03-20,0.03,0.11999999999999988,9019.238871428572,0.10714285714285712,0.7407407407407378,1.1158849781128068,0.0885622998502224,1.8214784777666437
2009-03-23,0.009999999999999981,0.07000000000000006,9015.268028571429,0.03571428571428564,0.43209876543209785,1.115393694540224,0.017212865656484867,1.82154678278909
2009-03-24,0.0,0.040000000000000036,9013.944414285716,0.0,0.24691358024691307,1.1152299333493634,0.0,1.82154678278909
2009-03-25,0.009999999999999981,0.040000000000000036,9012.6208,0.03571428571428564,0.24691358024691307,1.1150661721585022,0.009833035027852714,1.8215858027693594
2009-03-26,0.01999999999999999,0.050000000000000044,9011.4513,0.07142857142857138,0.30864197530864135,1.1149214784098938,0.02457939767217572,1.8216833400617094
2009-03-27,0.03,0.08000000000000007,9010.2818,0.10714285714285712,0.49382716049382613,1.1147767846612853,0.058982898659327127,1.8219173991833735
2009-03-30,0.010000000000000009,0.030000000000000027,9006.7733,0.03571428571428574,0.18518518518518481,1.1143427034154596,0.007369991424705412,1.8219466451810906
2009-03-31,0.0,0.040000000000000036,9005.6038,0.0,0.24691358024691307,1.1141980096668511,0.0,1.8219466451810906
